2023/10/03 3,22,29,31,40,44,48
2023/09/29 6,9,18,35,38,48,25
2023/09/26 9,14,26,37,38,39,8
2023/09/22 2,13,32,36,38,43,34
2023/09/19 3,16,24,35,37,41,27
2023/09/15 12,16,19,30,37,39,14
2023/09/08 14,20,23,33,34,40,24
2023/09/05 12,14,32,34,40,48,39
2023/09/01 1,19,26,34,45,49,37
2023/08/29 6,7,10,22,41,42,31
2023/08/25 2,10,20,31,33,46,24
2023/08/22 2,19,26,34,43,46,31
2023/08/18 13,19,21,24,41,45,44
2023/08/15 10,22,26,30,34,43,41
2023/08/11 8,27,34,38,39,47,30
2023/08/08 11,26,28,30,41,45,22
2023/08/04 6,10,21,34,38,41,47
2023/08/01 11,26,37,38,40,41,28
2023/07/28 1,3,22,25,34,44,32
2023/07/25 12,17,28,33,40,45,39
2023/07/21 3,15,35,39,41,49,38
2023/07/18 4,5,16,19,34,40,10
2023/07/14 10,15,17,33,34,45,36
2023/07/11 10,21,26,34,48,49,39
2023/07/07 3,6,15,21,24,33,14
2023/07/04 6,12,15,16,24,41,21
2023/06/30 6,22,26,29,32,43,38
2023/06/27 13,24,30,37,43,44,4
2023/06/20 5,15,32,34,37,41,11
2023/06/16 2,21,22,30,33,41,42
2023/06/13 1,6,8,9,10,21,2
2023/06/09 30,32,36,38,46,49,26
2023/06/06 8,13,27,30,41,43,18
2023/06/02 1,5,13,16,23,34,49
2023/05/30 5,6,9,29,43,45,27
2023/05/26 5,10,12,15,30,36,26
2023/05/23 5,20,23,38,44,46,33
2023/05/19 5,8,9,35,38,44,31
2023/05/16 1,19,26,34,38,43,48
2023/05/12 2,7,9,18,20,48,14
2023/05/09 1,21,22,29,31,44,3
2023/05/05 10,13,16,19,21,48,30
2023/05/02 8,9,14,37,42,46,10
2023/04/28 5,31,38,41,43,47,28
2023/04/25 5,12,13,27,28,41,37
2023/04/21 7,11,23,25,27,43,5
2023/04/18 6,8,10,28,41,43,45
2023/04/14 10,22,23,35,46,49,2
2023/04/11 9,12,30,31,33,37,25
2023/04/07 4,11,20,25,32,39,30
2023/03/31 10,22,26,29,45,47,41
2023/03/28 3,10,26,35,37,44,15
2023/03/24 2,14,26,34,40,46,13
2023/03/21 3,11,20,30,41,45,28
2023/03/17 6,7,10,24,29,40,16
2023/03/14 3,4,11,12,20,37,5
2023/03/10 15,19,29,32,39,40,35
2023/03/07 13,17,23,25,32,41,16
2023/03/03 13,16,18,22,34,42,14
2023/02/28 2,11,25,26,27,35,10
2023/02/24 15,38,39,40,45,48,2
2023/02/21 1,5,6,11,26,46,41
2023/02/17 7,9,14,16,26,33,27
2023/02/14 11,22,23,30,31,49,14
2023/02/10 7,11,24,28,33,46,3
2023/02/07 3,8,11,18,28,47,5
2023/02/05 5,19,25,33,38,42,41
2023/02/04 2,14,20,21,22,49,38
2023/02/03 3,14,25,29,44,45,46
2023/02/02 8,13,19,21,31,45,37
2023/02/01 5,8,19,23,33,46,48
2023/01/31 1,26,33,36,40,42,37
2023/01/29 2,8,9,15,27,31,42
2023/01/28 1,19,23,30,35,48,45
2023/01/27 4,13,28,33,38,39,42
2023/01/26 10,12,13,21,40,42,49
2023/01/25 2,3,8,23,24,27,14
2023/01/24 2,4,18,20,30,32,10
2023/01/23 7,10,18,23,34,35,9
2023/01/22 6,8,10,22,27,29,23
2023/01/21 1,5,16,21,23,25,30
2023/01/20 16,25,27,31,34,42,6
2023/01/17 5,17,23,24,36,42,16
2023/01/13 5,21,23,24,40,44,17
2023/01/10 15,21,22,30,41,42,24
2023/01/06 19,22,29,36,43,46,30
2023/01/03 2,4,8,19,24,39,28
2022/12/30 5,8,14,17,20,46,7
2022/12/27 3,11,16,21,22,39,4
2022/12/23 9,13,32,34,35,39,1
2022/12/20 3,4,12,16,29,32,39
2022/12/16 6,11,12,40,47,49,28
2022/12/13 6,9,12,14,33,47,34
2022/12/09 10,16,22,40,45,48,31
2022/12/02 8,22,28,40,41,45,34
2022/11/29 6,21,34,37,46,49,18
2022/11/25 14,15,20,26,35,41,36
2022/11/22 5,13,18,24,27,48,32
2022/11/18 10,17,27,37,44,45,22
2022/11/15 19,20,26,29,34,39,4
2022/11/11 2,10,19,20,36,48,37
2022/11/08 15,18,37,39,44,47,43
2022/11/04 11,21,23,30,36,47,6
2022/11/01 17,24,28,32,34,40,3
2022/10/28 17,18,19,23,25,32,26
2022/10/25 18,32,36,43,48,49,23
2022/10/21 11,20,36,37,42,49,3
2022/10/18 1,14,27,38,39,47,49
2022/10/14 1,11,13,25,32,36,30
2022/10/11 1,3,23,25,42,46,2
2022/10/07 5,10,15,16,26,30,12
2022/10/04 13,14,23,34,43,49,44
2022/09/30 5,12,18,28,34,39,24
2022/09/27 10,17,28,34,40,43,29
2022/09/23 2,12,30,31,44,48,46
2022/09/20 11,13,24,29,35,43,1
2022/09/13 7,10,15,21,34,48,38
2022/09/09 7,15,17,28,36,39,1
2022/09/06 26,32,35,36,38,49,39
2022/09/02 20,23,25,36,43,45,38
2022/08/30 5,8,16,27,35,45,37
2022/08/26 4,16,17,30,38,42,5
2022/08/23 6,23,24,25,47,49,5
2022/08/19 3,4,10,21,28,41,15
2022/08/16 1,7,11,16,18,31,24
2022/08/12 4,7,15,21,37,43,5
2022/08/09 9,11,21,23,30,33,34
2022/08/05 5,18,21,30,43,46,26
2022/08/02 2,26,28,29,37,48,5
2022/07/29 12,18,19,21,33,37,15
2022/07/26 10,12,17,27,29,39,47
2022/07/22 11,12,24,30,33,38,31
2022/07/19 9,16,23,29,40,41,43
2022/07/15 14,15,27,41,43,49,39
2022/07/12 7,14,17,20,29,45,30
2022/07/08 5,9,15,35,40,44,10
2022/07/05 3,8,26,38,45,47,35
2022/07/01 14,20,29,32,34,43,2
2022/06/24 3,18,26,29,40,43,13
2022/06/21 3,14,20,34,41,44,43
2022/06/17 7,11,28,30,46,47,48
2022/06/14 3,9,20,28,29,47,35
2022/06/10 5,10,13,28,29,38,34
2022/06/07 4,17,18,19,31,44,46
2022/06/03 4,11,39,42,43,48,44
2022/05/31 10,11,17,25,27,28,31
2022/05/27 4,11,18,37,39,46,27
2022/05/24 4,19,24,35,45,46,2
2022/05/20 5,8,12,22,42,49,46
2022/05/17 9,22,28,29,34,37,36
2022/05/13 10,24,27,36,37,48,29
2022/05/10 2,11,20,24,32,48,27
2022/05/06 1,5,19,28,45,49,29
2022/05/03 14,16,18,19,21,23,3
2022/04/29 12,14,18,25,44,48,45
2022/04/26 12,31,32,42,43,49,36
2022/04/22 3,28,32,36,47,49,16
2022/04/19 4,5,18,20,30,41,23
2022/04/15 2,9,11,14,15,30,22
2022/04/12 14,17,18,22,40,42,37
2022/04/05 8,15,24,27,31,33,13
2022/04/01 3,10,11,20,34,38,4
2022/03/29 16,21,24,27,29,43,41
2022/03/25 14,17,22,45,47,49,26
2022/03/22 7,21,26,36,43,49,16
2022/03/18 2,15,21,26,42,44,45
2022/03/15 1,31,33,37,46,47,36
2022/03/11 3,4,8,15,21,24,29
2022/03/08 13,14,16,19,30,44,20
2022/03/04 1,3,18,29,30,31,26
2022/03/01 7,17,19,24,31,45,38
2022/02/25 17,18,21,26,38,49,20
2022/02/22 3,21,22,34,37,40,5
2022/02/18 16,20,36,39,47,48,35
2022/02/15 18,23,26,27,40,42,3
2022/02/11 23,24,30,42,44,46,48
2022/02/10 1,22,25,27,41,44,3
2022/02/09 2,7,11,18,35,45,25
2022/02/08 5,23,29,33,38,49,24
2022/02/07 3,18,23,32,40,45,38
2022/02/06 12,24,29,34,38,42,33
2022/02/05 2,4,13,36,41,49,16
2022/02/03 5,9,18,22,34,36,11
2022/02/02 6,11,18,23,33,41,39
2022/02/01 8,25,34,44,45,47,24
2022/01/31 4,14,32,33,43,44,49
2022/01/30 3,8,15,20,22,23,36
2022/01/29 1,2,20,23,26,34,19
2022/01/28 7,12,36,41,42,44,29
2022/01/25 2,9,10,15,27,35,44
2022/01/21 15,26,27,34,37,42,47
2022/01/18 19,22,33,35,38,48,11
2022/01/14 5,13,14,24,26,35,39
2022/01/11 10,11,13,17,36,49,41
2022/01/07 6,9,15,31,38,39,25
2022/01/04 3,4,7,19,22,43,36
2021/12/31 5,9,14,28,34,37,35
2021/12/28 1,2,8,11,21,45,16
2021/12/24 2,7,11,19,27,44,22
2021/12/21 4,5,27,31,44,48,33
2021/12/17 2,11,30,35,37,40,13
2021/12/14 7,14,21,27,30,36,43
2021/12/10 3,15,21,24,27,40,13
2021/12/07 19,21,30,43,44,48,8
2021/11/30 9,10,26,31,40,49,8
2021/11/26 10,15,16,21,22,30,14
2021/11/23 6,7,13,32,33,37,42
2021/11/19 13,15,16,17,23,36,29
2021/11/16 6,23,34,41,43,44,38
2021/11/12 2,3,25,27,37,47,26
2021/11/09 9,14,20,26,39,42,5
2021/11/05 16,18,26,30,40,44,13
2021/11/02 1,12,17,21,37,43,47
2021/10/29 2,9,17,28,36,42,46
2021/10/26 14,18,21,26,47,49,30
2021/10/22 8,13,25,27,38,46,12
2021/10/19 20,21,26,35,39,47,16
2021/10/15 2,12,21,25,26,37,10
2021/10/12 1,6,14,26,28,31,30
2021/10/08 18,19,20,34,37,44,10
2021/10/05 1,3,11,23,46,47,45
2021/10/01 2,9,16,22,41,49,7
2021/09/28 23,24,27,36,47,49,40
2021/09/24 4,10,21,30,39,42,22
2021/09/21 2,13,16,28,31,34,21
2021/09/17 7,12,18,35,37,45,44
2021/09/10 1,5,15,16,28,41,44
2021/09/07 4,20,26,27,45,48,37
2021/09/03 1,18,21,24,32,41,12
2021/08/31 7,14,23,43,47,49,48
2021/08/27 8,11,16,32,35,43,41
2021/08/24 1,5,17,36,40,41,38
2021/08/20 3,6,11,13,18,37,46
2021/08/17 2,11,29,33,41,44,40
2021/08/13 5,6,19,24,33,41,3
2021/08/10 1,3,16,17,24,25,46
2021/08/06 3,4,15,29,32,39,38
2021/08/03 17,27,30,38,42,44,24
2021/07/30 2,15,19,29,43,46,23
2021/07/27 3,28,30,42,43,46,15
2021/07/23 7,15,23,24,31,38,9
2021/07/20 1,8,32,41,44,49,23
2021/07/16 13,16,17,19,39,44,42
2021/07/13 9,14,17,23,33,48,4
2021/07/09 3,13,24,26,27,29,9
2021/07/06 13,19,25,32,42,44,2
2021/07/02 4,9,11,25,27,29,22
2021/06/29 1,23,25,30,38,45,14
2021/06/22 14,17,27,43,45,48,41
2021/06/18 2,18,22,25,41,43,14
2021/06/15 9,11,23,34,41,45,49
2021/06/11 7,9,16,23,27,44,46
2021/06/08 4,6,26,36,38,47,43
2021/06/04 7,8,24,28,32,41,10
2021/06/01 1,2,9,26,35,41,46
2021/05/28 4,12,18,23,43,46,7
2021/05/25 15,31,38,44,46,48,21
2021/05/21 2,4,25,26,27,29,41
2021/05/18 11,15,16,18,35,43,46
2021/05/14 2,13,14,30,43,48,17
2021/05/11 5,7,9,27,35,42,19
2021/05/07 12,22,26,35,36,49,32
2021/05/04 5,15,17,19,27,37,42
2021/04/30 4,14,22,42,46,47,21
2021/04/27 5,8,20,23,34,39,31
2021/04/23 18,20,23,32,37,46,39
2021/04/20 5,7,9,15,24,26,12
2021/04/16 7,10,16,21,33,46,2
2021/04/13 11,25,31,32,35,42,41
2021/04/09 6,9,18,25,29,35,46
2021/04/02 17,21,25,30,40,42,26
2021/03/30 17,22,23,25,31,33,3
2021/03/26 15,21,24,30,37,38,34
2021/03/23 2,15,28,43,45,49,35
2021/03/19 7,19,28,35,38,48,8
2021/03/16 8,19,22,24,30,43,13
2021/03/12 8,21,26,30,33,46,45
2021/03/09 8,9,13,29,36,46,23
2021/03/05 6,8,14,29,38,48,35
2021/03/02 5,7,11,24,27,30,12
2021/02/26 4,13,22,23,39,42,26
2021/02/23 1,6,18,19,20,42,43
2021/02/21 9,18,25,27,32,39,40
2021/02/20 1,6,10,11,26,47,22
2021/02/19 2,28,31,36,40,45,24
2021/02/18 1,3,9,41,42,48,27
2021/02/17 2,13,24,26,45,49,10
2021/02/16 1,9,11,12,37,46,43
2021/02/15 4,8,10,18,33,40,2
2021/02/14 1,12,16,17,38,45,32
2021/02/13 13,30,37,40,43,46,5
2021/02/12 5,6,10,12,44,48,36
2021/02/10 3,18,24,34,41,42,37
2021/02/09 1,3,6,12,27,43,2
2021/02/05 5,9,19,31,33,35,32
2021/02/02 14,34,35,38,43,47,40
2021/01/29 14,22,30,31,39,40,49
2021/01/26 8,20,23,37,43,46,44
2021/01/22 7,30,34,36,45,46,43
2021/01/19 15,29,31,33,41,47,37
2021/01/15 3,4,8,11,42,44,21
2021/01/12 1,10,20,28,37,44,33
2021/01/08 4,18,24,26,43,47,33
2021/01/05 8,13,17,20,43,48,38
2021/01/01 5,37,41,42,46,49,18
2020/12/29 10,14,33,34,35,39,40
2020/12/25 1,5,6,19,29,30,39
2020/12/22 20,22,25,30,31,45,2
2020/12/18 2,11,24,26,30,41,1
2020/12/15 2,6,17,21,43,48,41
2020/12/11 8,17,36,37,42,43,34
2020/12/08 2,4,10,15,31,45,17
2020/12/04 2,13,27,30,41,44,40
2020/12/01 4,22,29,37,44,49,30
2020/11/24 5,29,36,38,44,45,23
2020/11/20 16,27,29,35,37,48,31
2020/11/17 6,14,18,20,38,41,29
2020/11/13 7,9,12,15,25,29,47
2020/11/10 5,17,19,21,28,29,43
2020/11/06 5,9,25,39,44,46,2
2020/11/03 6,11,15,30,32,44,29
2020/10/30 6,10,13,19,40,45,7
2020/10/27 2,9,19,28,30,32,35
2020/10/23 3,9,20,25,26,35,39
2020/10/20 5,17,18,28,30,39,13
2020/10/16 7,25,28,33,44,47,19
2020/10/13 1,3,15,27,39,41,20
2020/10/09 2,7,19,25,42,47,6
2020/10/06 4,5,22,23,34,40,37
2020/10/02 11,15,16,18,24,26,46
2020/09/29 1,7,8,33,42,47,31
2020/09/25 10,31,35,36,39,48,27
2020/09/22 3,4,5,8,24,29,7
2020/09/18 3,29,30,32,43,44,35
2020/09/15 7,16,29,32,37,48,21
2020/09/11 1,26,29,39,48,49,9
2020/09/04 2,9,11,13,39,43,35
2020/09/01 1,2,6,8,38,43,24
2020/08/28 13,14,19,22,23,36,24
2020/08/25 2,23,28,35,46,48,33
2020/08/21 5,14,40,44,45,46,32
2020/08/18 4,22,30,43,45,47,15
2020/08/14 16,20,24,25,31,33,37
2020/08/11 8,12,40,42,44,47,5
2020/08/07 6,9,19,40,44,45,1
2020/08/04 1,5,11,19,31,33,6
2020/07/31 16,17,18,19,33,45,25
2020/07/28 8,10,22,23,29,35,2
2020/07/24 2,20,21,24,35,37,9
2020/07/21 3,16,25,31,33,36,14
2020/07/17 5,6,15,25,30,41,29
2020/07/14 4,10,24,29,32,49,43
2020/07/10 4,5,22,27,46,49,41
2020/07/07 4,17,22,34,44,46,13
2020/07/03 13,19,20,24,40,45,33
2020/06/30 26,29,31,43,46,49,6
2020/06/26 10,12,16,37,40,41,5
2020/06/23 1,2,16,22,27,45,13
2020/06/16 6,13,20,23,29,46,42
2020/06/12 1,6,28,30,33,48,27
2020/06/09 8,17,28,35,36,47,41
2020/06/05 3,5,8,24,26,49,19
2020/06/02 1,6,22,25,33,48,19
2020/05/29 31,35,39,40,45,49,41
2020/05/26 1,5,25,29,33,38,19
2020/05/22 3,7,10,13,39,46,29
2020/05/19 27,32,33,40,43,44,37
2020/05/15 6,11,31,40,42,45,43
2020/05/12 1,5,8,11,35,36,26
2020/05/08 8,9,10,24,27,31,33
2020/05/05 17,19,24,36,43,49,26
2020/05/01 5,18,25,34,48,49,45
2020/04/28 16,29,36,39,43,48,42
2020/04/24 7,10,14,15,17,39,45
2020/04/21 1,2,29,33,45,47,39
2020/04/17 1,21,31,33,42,44,22
2020/04/14 17,19,21,26,33,45,12
2020/04/10 13,33,41,47,48,49,1
2020/04/07 4,7,12,18,27,44,23
2020/04/03 2,17,32,43,45,47,34
2020/03/27 2,8,10,16,23,49,41
2020/03/24 10,12,16,29,41,45,1
2020/03/20 1,8,13,43,46,48,29
2020/03/17 10,17,28,29,43,47,4
2020/03/13 14,22,32,33,34,49,31
2020/03/10 1,4,12,25,34,37,42
2020/03/06 8,12,13,15,16,30,45
2020/03/03 8,10,11,17,28,42,40
2020/02/28 2,9,18,27,46,48,25
2020/02/25 1,2,8,44,47,48,9
2020/02/21 13,15,27,34,35,39,31
2020/02/18 4,13,31,35,37,42,49
2020/02/14 7,13,23,33,35,36,9
2020/02/11 9,22,23,37,43,46,38
2020/02/07 5,15,19,22,30,42,31
2020/02/04 3,23,27,28,37,48,8
2020/02/02 3,16,17,30,33,37,29
2020/02/01 2,10,12,20,26,34,28
2020/01/31 14,16,19,28,32,49,1
2020/01/30 6,24,35,41,46,49,9
2020/01/29 1,4,9,14,15,49,32
2020/01/28 2,3,13,20,28,38,40
2020/01/26 3,28,29,35,41,47,48
2020/01/25 5,13,16,31,41,45,9
2020/01/24 7,13,18,21,38,44,3
2020/01/23 13,18,23,30,44,48,37
2020/01/21 17,22,30,38,44,48,36
2020/01/17 7,9,20,42,44,45,8
2020/01/14 7,20,34,37,38,47,18
2020/01/10 4,7,12,17,33,38,11
2020/01/07 1,5,8,15,16,38,7
2020/01/03 16,18,19,29,30,47,10
2019/12/31 10,14,26,38,39,47,8
2019/12/27 17,18,25,32,43,45,5
2019/12/24 9,18,31,45,48,49,22
2019/12/20 16,21,22,28,32,46,24
2019/12/17 9,21,27,31,38,49,3
2019/12/13 7,12,26,31,37,49,17
2019/12/10 3,8,18,19,41,48,36
2019/12/06 16,18,22,23,24,41,39
2019/12/03 5,9,11,15,36,45,27
2019/11/29 10,21,24,30,35,45,22
2019/11/26 8,10,15,19,36,45,37
2019/11/22 3,18,23,24,26,49,32
2019/11/15 3,6,11,16,26,44,31
2019/11/12 1,19,25,27,31,40,12
2019/11/08 1,3,9,26,40,47,15
2019/11/05 9,13,22,37,40,42,26
2019/11/01 12,15,23,33,41,42,11
2019/10/29 3,10,12,22,36,41,18
2019/10/25 3,8,14,16,26,36,41
2019/10/22 6,17,22,23,32,42,13
2019/10/18 3,23,32,36,39,40,49
2019/10/15 13,21,28,35,37,38,33
2019/10/11 7,12,17,21,30,37,49
2019/10/08 7,13,18,21,26,34,8
2019/10/04 10,21,23,33,42,48,41
2019/10/01 2,9,12,15,20,49,40
2019/09/27 10,21,25,26,35,37,4
2019/09/24 2,16,18,20,22,39,21
2019/09/20 8,17,23,24,31,34,25
2019/09/17 12,18,29,40,41,48,24
2019/09/13 2,7,15,27,37,39,43
2019/09/10 3,12,17,20,29,38,47
2019/09/06 2,14,19,20,26,43,23
2019/09/03 11,13,25,32,33,48,31
2019/08/27 1,4,8,10,45,47,41
2019/08/23 5,17,19,21,42,43,16
2019/08/20 1,16,19,27,35,42,41
2019/08/16 7,8,31,33,41,45,39
2019/08/13 5,21,25,32,36,41,33
2019/08/09 4,13,18,26,41,48,33
2019/08/06 1,10,20,37,38,49,31
2019/08/02 5,34,42,46,48,49,14
2019/07/30 4,12,21,24,33,35,42
2019/07/26 4,11,36,40,41,48,49
2019/07/23 12,14,35,37,42,47,6
2019/07/19 12,17,26,33,35,39,10
2019/07/16 15,30,31,37,39,48,8
2019/07/12 12,14,18,19,37,47,30
2019/07/09 11,17,20,34,37,41,6
2019/07/05 11,17,32,33,38,46,15
2019/07/02 2,4,11,33,39,42,19
2019/06/28 9,13,15,26,31,33,10
2019/06/25 8,20,31,36,38,45,33
2019/06/21 7,12,26,30,31,32,13
2019/06/18 5,16,27,29,33,45,28
2019/06/14 6,10,12,22,24,37,3
2019/06/07 18,22,26,27,30,38,45
2019/06/04 5,6,19,23,43,48,7
2019/05/31 8,15,21,31,36,46,18
2019/05/28 3,11,22,36,38,40,7
2019/05/24 12,13,19,21,29,39,41
2019/05/21 7,10,18,32,41,46,42
2019/05/17 2,7,12,21,23,45,10
2019/05/14 9,15,27,28,40,43,45
2019/05/10 11,17,27,31,33,37,12
2019/05/07 2,14,23,29,35,43,22
2019/05/03 6,7,19,31,32,40,15
2019/04/30 1,4,19,24,47,49,36
2019/04/26 8,24,29,37,44,48,6
2019/04/23 8,14,16,18,30,35,36
2019/04/19 4,11,24,29,32,45,49
2019/04/16 1,14,23,36,39,41,4
2019/04/12 12,26,32,34,45,46,14
2019/04/09 10,36,37,44,45,46,48
2019/04/05 11,28,29,38,43,49,22
2019/04/02 5,28,38,40,41,47,25
2019/03/29 1,3,12,16,29,49,4
2019/03/26 6,13,14,19,24,38,26
2019/03/19 7,16,17,36,47,48,49
2019/03/15 5,10,12,20,28,36,15
2019/03/12 5,7,22,37,40,45,12
2019/03/08 3,11,15,25,31,48,36
2019/03/05 12,13,16,21,42,43,39
2019/03/01 1,8,14,27,40,45,34
2019/02/26 6,17,22,34,38,42,20
2019/02/22 6,20,22,43,45,48,11
2019/02/19 1,3,4,24,32,43,37
2019/02/15 1,3,40,44,46,48,2
2019/02/12 11,16,19,29,30,45,1
2019/02/10 5,8,14,19,22,47,24
2019/02/09 6,8,18,19,20,30,22
2019/02/08 8,13,14,32,36,42,5
2019/02/07 7,21,29,33,40,41,8
2019/02/06 17,23,28,29,32,39,12
2019/02/05 13,18,30,34,45,49,33
2019/02/04 6,8,24,32,34,36,49
2019/02/03 12,24,28,36,37,40,6
2019/02/02 2,7,22,35,46,49,41
2019/02/01 10,17,20,21,32,41,34
2019/01/29 14,20,24,30,44,48,31
2019/01/22 2,20,36,37,42,46,29
2019/01/18 4,5,10,30,39,45,14
2019/01/15 12,20,30,38,40,41,10
2019/01/11 13,20,22,31,34,42,9
2019/01/08 4,19,21,28,39,43,18
2019/01/04 6,7,8,20,47,48,30
2019/01/01 18,23,24,25,39,42,48
2018/12/28 7,11,19,23,35,44,33
2018/12/25 7,26,27,28,30,32,44
2018/12/21 5,19,21,34,41,49,42
2018/12/18 5,8,11,15,33,37,3
2018/12/14 6,9,14,19,38,49,20
2018/12/11 7,12,15,21,27,47,48
2018/12/07 11,20,29,33,34,36,18
2018/12/04 3,6,12,16,17,20,14
2018/11/30 5,14,20,27,29,45,7
2018/11/27 27,33,36,41,43,44,31
2018/11/23 7,20,21,34,37,43,5
2018/11/20 4,31,34,36,40,44,20
2018/11/16 7,11,23,30,38,49,45
2018/11/13 7,21,35,36,42,43,10
2018/11/09 4,12,14,15,22,48,28
2018/11/02 5,16,18,32,41,47,2
2018/10/30 3,9,28,32,39,47,7
2018/10/26 8,10,23,33,41,46,48
2018/10/23 6,9,13,20,42,43,21
2018/10/19 7,18,20,32,42,49,24
2018/10/16 1,24,39,40,46,49,33
2018/10/12 4,6,7,12,20,21,29
2018/10/09 8,13,16,23,35,41,21
2018/10/05 3,9,10,42,44,47,5
2018/10/02 2,8,16,33,42,47,14
2018/09/28 1,2,7,20,27,37,19
2018/09/25 19,25,27,39,40,46,6
2018/09/21 3,5,10,11,29,45,25
2018/09/18 11,23,34,36,41,45,43
2018/09/14 19,29,36,37,45,46,18
2018/09/11 14,16,18,23,25,44,41
2018/09/07 2,8,14,21,37,44,49
2018/09/04 4,6,10,15,42,49,12
2018/08/31 12,15,34,37,43,46,38
2018/08/28 8,10,11,39,42,44,27
2018/08/24 3,7,9,31,39,45,35
2018/08/21 8,12,17,28,31,34,1
2018/08/14 15,16,17,25,34,49,5
2018/08/10 5,7,16,18,36,48,37
2018/08/07 12,13,19,25,30,46,5
2018/08/03 4,6,30,35,40,43,13
2018/07/31 15,20,22,31,35,37,14
2018/07/27 5,12,17,19,35,48,9
2018/07/24 24,25,29,32,42,49,12
2018/07/20 9,12,13,24,39,45,38
2018/07/17 11,20,26,34,41,43,9
2018/07/13 2,14,21,31,42,46,4
2018/07/10 9,11,21,24,39,43,7
2018/07/06 2,3,21,28,32,47,27
2018/07/03 9,11,20,31,34,44,10
2018/06/29 4,13,27,30,37,41,20
2018/06/26 5,9,11,23,37,44,24
2018/06/22 6,7,11,25,26,30,31
2018/06/19 8,9,28,34,37,42,15
2018/06/15 16,25,28,30,44,46,27
2018/06/12 2,3,14,15,35,37,29
2018/06/08 2,9,17,31,32,40,47
2018/06/05 2,17,22,25,26,41,16
2018/06/01 16,26,28,33,42,49,20
2018/05/25 1,6,22,24,32,42,16
2018/05/22 2,13,24,29,41,49,45
2018/05/18 1,11,36,38,41,42,48
2018/05/15 2,12,13,16,32,43,24
2018/05/11 4,11,25,35,37,48,36
2018/05/08 3,8,21,22,37,41,46
2018/05/04 10,22,30,33,36,47,43
2018/05/01 8,29,33,34,46,49,19
2018/04/27 4,25,26,27,30,48,11
2018/04/24 9,10,19,21,35,36,49
2018/04/20 10,14,32,33,35,46,43
2018/04/17 7,16,31,38,40,41,39
2018/04/13 1,12,25,28,40,46,39
2018/04/10 7,27,32,34,41,47,9
2018/04/06 7,25,31,34,47,49,26
2018/04/03 1,7,22,32,34,36,8
2018/03/30 1,5,13,43,44,47,25
2018/03/27 13,15,24,30,38,40,44
2018/03/23 4,9,13,32,34,41,42
2018/03/20 8,9,23,30,37,41,31
2018/03/16 3,14,16,17,43,46,4
2018/03/13 14,20,22,27,28,38,19
2018/03/06 9,11,13,17,38,42,29
2018/03/02 1,12,17,25,31,48,21
2018/02/27 1,3,18,23,28,44,10
2018/02/23 3,7,15,16,18,41,42
2018/02/20 12,33,34,38,40,46,7
2018/02/19 7,9,19,22,36,49,29
2018/02/18 7,8,20,28,34,46,10
2018/02/17 3,5,17,32,33,47,36
2018/02/16 4,7,23,24,27,41,17
2018/02/15 7,21,22,37,41,48,15
2018/02/13 4,10,19,26,35,45,38
2018/02/09 12,17,20,21,30,45,9
2018/02/06 6,10,24,27,41,43,49
2018/02/02 1,2,10,11,26,43,40
2018/01/30 7,8,15,23,31,36,30
2018/01/26 7,23,32,34,43,47,24
2018/01/23 2,12,26,28,33,34,44
2018/01/19 2,13,16,22,26,48,39
2018/01/16 8,26,29,32,36,39,23
2018/01/12 1,7,14,22,40,45,29
2018/01/09 2,10,22,23,24,37,42
2018/01/05 4,13,17,29,31,44,14
2017/12/29 11,12,15,20,27,47,36
2017/12/26 7,8,10,20,24,27,19
2017/12/22 12,18,20,21,31,37,24
2017/12/19 3,14,18,31,41,42,2
2017/12/15 17,19,24,27,31,37,8
2017/12/12 16,19,28,37,38,41,10
2017/12/08 1,5,8,10,34,35,46
2017/12/05 1,12,13,37,41,43,49
2017/12/01 2,3,5,28,42,48,9
2017/11/28 9,14,17,19,46,47,29
2017/11/24 4,8,10,14,41,45,38
2017/11/21 4,23,25,28,39,43,41
2017/11/17 2,14,19,28,39,46,45
2017/11/14 5,15,24,25,44,47,45
2017/11/10 10,15,24,26,29,35,12
2017/11/07 5,6,12,22,30,48,41
2017/11/03 8,20,23,33,36,43,2
2017/10/31 4,25,31,36,39,46,2
2017/10/27 2,11,17,22,38,40,41
2017/10/24 2,3,5,14,16,29,32
2017/10/20 3,8,18,19,26,42,17
2017/10/17 1,3,6,11,19,27,5
2017/10/10 6,28,29,30,31,39,33
2017/10/06 4,28,32,37,41,45,47
2017/10/03 15,18,25,30,33,44,38
2017/09/29 3,14,16,21,33,36,20
2017/09/26 10,11,14,19,22,38,42
2017/09/22 18,35,39,43,47,49,44
2017/09/19 2,12,15,18,37,40,39
2017/09/15 3,8,11,16,33,37,35
2017/09/12 7,23,29,36,45,49,14
2017/09/08 8,13,15,19,29,42,25
2017/09/05 13,17,23,27,33,41,2
2017/09/01 5,11,14,16,36,40,46
2017/08/29 5,18,25,31,48,49,44
2017/08/25 1,4,19,24,28,31,49
2017/08/22 4,10,13,36,44,45,5
2017/08/18 7,10,12,35,38,47,23
2017/08/15 13,16,27,28,33,42,11
2017/08/11 2,8,9,18,27,37,33
2017/08/08 6,9,23,27,34,46,20
2017/08/04 15,16,26,27,39,45,37
2017/08/01 2,12,21,30,42,47,31
2017/07/28 11,13,18,22,38,39,3
2017/07/21 2,12,24,32,42,47,29
2017/07/18 13,14,21,29,42,48,11
2017/07/14 16,18,19,25,26,32,22
2017/07/11 6,16,19,23,33,39,7
2017/07/07 18,30,40,42,44,49,8
2017/07/04 4,21,27,28,30,35,42
2017/06/30 8,12,22,30,32,36,6
2017/06/27 11,33,34,46,47,49,38
2017/06/23 2,8,12,34,41,42,7
2017/06/20 1,12,29,30,33,44,19
2017/06/16 1,15,21,26,36,45,10
2017/06/13 2,4,17,22,36,43,40
2017/06/09 24,26,31,32,37,46,1
2017/06/06 14,16,25,32,36,48,12
2017/06/02 3,7,8,23,30,31,32
2017/05/30 7,14,19,30,31,39,40
2017/05/26 8,14,16,19,21,35,20
2017/05/23 2,10,15,22,26,32,42
2017/05/19 15,16,21,23,28,46,14
2017/05/16 5,6,7,14,29,46,24
2017/05/12 2,9,18,22,25,35,14
2017/05/09 16,17,20,21,32,40,15
2017/05/02 14,23,24,27,36,39,13
2017/04/28 1,3,19,31,32,42,43
2017/04/25 16,17,30,32,35,41,26
2017/04/21 5,15,22,23,28,39,25
2017/04/18 14,21,25,35,36,39,18
2017/04/14 2,3,4,23,29,42,14
2017/04/11 9,22,31,36,40,47,8
2017/04/07 19,23,31,32,37,49,26
2017/04/04 5,17,33,34,43,44,4
2017/03/31 17,18,22,24,25,38,39
2017/03/28 21,22,32,37,42,44,38
2017/03/24 24,36,39,41,45,49,22
2017/03/21 8,16,27,32,43,44,7
2017/03/17 4,17,25,36,40,44,8
2017/03/14 15,17,20,32,33,39,21
2017/03/10 11,12,21,35,41,48,1
2017/03/07 6,12,22,31,41,44,2
2017/03/03 2,16,20,37,43,48,10
2017/02/28 6,14,15,19,30,43,31
2017/02/24 12,16,35,38,41,47,1
2017/02/21 8,10,15,32,39,48,43
2017/02/17 6,16,21,23,46,49,39
2017/02/10 7,11,12,15,24,26,6
2017/02/07 6,18,19,23,32,49,21
2017/02/03 2,11,25,29,30,33,20
2017/02/01 4,9,11,32,43,47,44
2017/01/31 4,11,16,28,33,46,17
2017/01/30 10,19,26,29,43,45,20
2017/01/29 3,8,9,12,14,22,46
2017/01/28 1,19,20,25,30,32,2
2017/01/27 1,5,7,31,35,49,42
2017/01/24 1,9,17,31,33,48,49
2017/01/20 1,5,16,18,31,41,13
2017/01/17 4,12,17,28,34,40,7
2017/01/13 14,19,21,25,27,38,22
2017/01/10 4,13,14,37,39,46,31
2017/01/06 12,14,32,35,40,43,17
2017/01/03 18,22,41,42,47,49,45
2016/12/30 6,7,35,37,38,47,12
2016/12/27 10,25,26,29,31,40,2
2016/12/23 8,23,28,38,41,42,30
2016/12/20 1,29,35,36,44,46,6
2016/12/16 11,19,25,34,36,42,8
2016/12/13 19,29,33,36,39,49,6
2016/12/06 27,30,32,41,44,46,42
2016/12/02 5,25,26,34,40,49,47
2016/11/29 3,21,26,28,38,40,42
2016/11/25 1,3,22,28,37,42,10
2016/11/22 1,21,24,25,34,44,19
2016/11/18 6,18,24,25,26,34,19
2016/11/15 7,8,25,33,41,43,6
2016/11/11 2,7,8,22,28,32,20
2016/11/08 3,6,11,17,22,49,44
2016/11/04 2,3,17,28,38,49,21
2016/11/01 10,11,15,20,31,49,44
2016/10/28 1,10,13,33,37,38,40
2016/10/25 5,15,25,27,33,34,43
2016/10/21 2,8,21,32,33,37,15
2016/10/18 14,15,16,24,44,47,21
2016/10/14 10,23,29,30,44,47,7
2016/10/11 2,8,13,14,37,39,38
2016/10/07 10,16,30,33,37,42,43
2016/10/04 11,23,30,35,40,44,7
2016/09/30 4,10,31,38,40,48,5
2016/09/27 14,15,16,35,46,48,2
2016/09/23 1,2,29,31,33,43,40
2016/09/16 17,23,30,31,34,49,36
2016/09/13 3,16,22,33,40,41,39
2016/09/09 1,12,35,36,41,44,21
2016/09/06 4,7,20,23,28,45,35
2016/09/02 9,11,20,21,45,46,42
2016/08/30 1,11,18,27,36,46,26
2016/08/26 9,28,34,41,42,49,6
2016/08/23 25,26,37,38,44,48,31
2016/08/19 5,19,26,44,46,48,36
2016/08/16 5,14,15,20,27,29,35
2016/08/12 8,20,33,35,42,43,10
2016/08/09 15,17,30,35,37,45,41
2016/08/05 1,2,22,27,35,40,33
2016/08/02 4,15,20,22,28,29,1
2016/07/29 9,15,27,28,30,41,13
2016/07/26 9,15,19,22,35,41,37
2016/07/22 2,10,17,27,33,49,15
2016/07/19 7,13,33,40,45,46,39
2016/07/15 24,25,29,33,35,38,49
2016/07/12 25,31,34,42,43,46,5
2016/07/08 9,10,13,19,23,35,38
2016/07/05 6,9,15,17,40,47,24
2016/06/28 7,8,25,39,45,46,38
2016/06/24 14,17,27,28,39,41,18
2016/06/21 2,27,34,35,36,49,26
2016/06/17 7,10,17,20,21,31,49
2016/06/14 12,13,16,33,35,37,18
2016/06/10 4,13,15,22,23,48,3
2016/06/07 5,8,23,31,39,44,19
2016/06/03 3,10,27,33,41,44,7
2016/05/31 1,2,5,32,45,46,43
2016/05/27 2,9,13,16,24,39,41
2016/05/24 6,8,13,21,33,39,45
2016/05/20 5,10,25,30,40,43,26
2016/05/17 2,3,20,23,34,42,40
2016/05/13 3,10,22,31,35,38,37
2016/05/10 3,4,8,22,36,38,7
2016/05/06 1,26,37,39,42,48,41
2016/05/03 1,7,17,40,41,43,33
2016/04/29 8,14,27,31,36,40,3
2016/04/26 6,12,21,25,34,43,28
2016/04/22 12,19,23,33,46,48,29
2016/04/19 12,21,39,41,46,47,14
2016/04/15 9,13,17,28,45,47,3
2016/04/08 2,7,13,30,36,45,43
2016/04/05 14,23,26,32,38,43,3
2016/04/01 8,12,16,29,37,39,40
2016/03/29 1,17,18,34,46,47,25
2016/03/25 7,11,22,37,40,41,20
2016/03/22 7,11,16,20,30,33,6
2016/03/18 1,3,4,18,25,47,13
2016/03/15 6,14,30,42,47,48,18
2016/03/11 9,16,30,34,36,49,31
2016/03/08 3,27,30,35,39,41,32
2016/03/04 5,7,12,17,22,29,4
2016/03/01 7,14,17,22,23,34,12
2016/02/26 3,9,17,21,41,46,27
2016/02/23 10,14,19,20,43,45,22
2016/02/19 11,20,23,30,39,44,49
2016/02/16 11,23,29,33,34,40,6
2016/02/14 1,3,16,20,21,26,22
2016/02/13 4,6,18,29,35,48,20
2016/02/12 6,10,11,22,32,45,4
2016/02/11 3,13,29,30,34,48,28
2016/02/10 18,19,22,32,44,47,9
2016/02/09 9,24,25,31,37,45,12
2016/02/07 4,11,21,25,35,37,43
2016/02/05 4,5,26,30,38,41,28
2016/02/02 15,21,23,26,43,48,34
2016/01/29 16,35,38,44,45,48,27
2016/01/26 11,13,17,35,39,46,2
2016/01/22 10,15,17,20,43,46,37
2016/01/19 4,9,14,23,44,46,41
2016/01/15 6,11,16,17,27,42,35
2016/01/12 5,15,18,39,40,44,37
2016/01/08 3,10,13,28,44,48,1
2016/01/05 1,3,7,15,25,33,21
2016/01/01 16,19,24,29,41,43,32
2015/12/29 1,8,13,30,32,42,11
2015/12/25 3,7,11,12,16,30,13
2015/12/22 8,12,13,29,37,49,43
2015/12/18 5,6,11,15,18,25,31
2015/12/15 4,11,18,22,23,31,19
2015/12/11 1,4,25,29,42,43,11
2015/12/08 8,15,32,36,40,43,3
2015/12/04 16,21,34,37,41,47,29
2015/12/01 6,13,15,19,37,41,22
2015/11/27 4,5,23,25,40,41,11
2015/11/20 4,9,10,39,40,42,8
2015/11/17 2,7,26,31,44,47,36
2015/11/13 1,11,16,18,31,33,19
2015/11/10 7,10,11,27,28,45,21
2015/11/06 8,24,27,30,45,49,42
2015/11/03 8,16,22,28,45,48,13
2015/10/30 3,6,8,15,20,30,40
2015/10/27 7,8,10,17,34,36,43
2015/10/23 1,16,41,43,46,47,25
2015/10/20 12,17,32,37,38,39,27
2015/10/16 20,25,29,31,40,44,21
2015/10/13 24,29,31,32,44,49,39
2015/10/09 2,8,22,27,35,43,24
2015/10/06 3,8,10,28,38,47,13
2015/10/02 11,15,36,41,44,45,35
2015/09/29 1,3,25,31,35,44,15
2015/09/25 9,13,21,25,38,39,2
2015/09/22 6,10,39,44,46,47,30
2015/09/18 6,16,17,36,37,41,28
2015/09/15 2,13,30,31,34,44,39
2015/09/11 5,10,18,29,41,44,30
2015/09/08 8,28,31,32,36,43,9
2015/09/01 9,18,19,20,40,48,3
2015/08/28 8,11,12,15,40,46,16
2015/08/25 13,15,22,26,45,47,49
2015/08/21 10,15,20,21,27,36,45
2015/08/18 8,20,29,30,42,49,21
2015/08/14 5,13,14,23,24,42,35
2015/08/11 1,2,35,43,45,46,14
2015/08/07 25,26,27,28,36,37,38
2015/08/04 3,12,17,19,38,48,43
2015/07/31 13,16,18,30,32,40,29
2015/07/28 6,15,27,32,44,49,16
2015/07/24 10,12,25,33,39,42,29
2015/07/21 8,9,16,39,40,44,28
2015/07/17 4,7,20,27,33,40,38
2015/07/14 10,12,14,19,30,45,41
2015/07/10 5,6,13,26,29,47,33
2015/07/07 1,14,27,33,42,46,41
2015/07/03 21,23,28,29,41,46,24
2015/06/30 18,19,32,35,46,48,47
2015/06/26 5,6,12,28,29,41,7
2015/06/23 2,13,33,35,43,45,5
2015/06/19 3,5,11,18,25,38,15
2015/06/12 8,19,22,24,26,28,18
2015/06/09 3,20,27,34,37,44,12
2015/06/05 8,21,32,35,41,48,34
2015/06/02 1,7,19,20,46,47,13
2015/05/29 2,5,11,28,32,34,24
2015/05/26 2,10,11,20,26,45,30
2015/05/22 3,21,23,28,37,43,5
2015/05/19 15,16,29,39,42,46,14
2015/05/15 3,6,18,27,29,32,40
2015/05/12 1,13,23,29,31,33,17
2015/05/08 2,10,15,28,44,49,39
2015/05/05 8,28,41,42,44,49,30
2015/05/01 8,15,25,29,47,49,9
2015/04/28 3,5,12,26,36,44,23
2015/04/24 13,25,31,35,41,46,49
2015/04/21 1,3,11,22,29,33,30
2015/04/17 26,32,33,36,45,47,39
2015/04/14 1,22,23,38,48,49,11
2015/04/10 10,11,17,20,42,44,13
2015/04/07 11,17,19,33,45,47,4
2015/04/03 13,32,36,40,42,43,41
2015/03/31 2,4,13,25,32,43,15
2015/03/24 3,4,6,9,17,24,28
2015/03/20 4,7,9,13,29,46,8
2015/03/17 5,32,36,40,42,49,1
2015/03/13 6,9,14,16,22,33,11
2015/03/10 3,11,25,34,46,47,42
2015/03/06 6,21,22,35,37,44,29
2015/03/03 4,6,11,41,43,46,21
2015/02/27 2,6,27,34,38,43,45
2015/02/24 3,28,39,41,46,48,9
2015/02/23 14,20,21,32,38,43,23
2015/02/22 3,6,12,34,37,43,28
2015/02/21 2,5,11,17,27,40,20
2015/02/20 5,9,10,28,29,45,41
2015/02/19 7,25,27,31,40,49,11
2015/02/18 3,6,15,16,27,31,14
2015/02/17 3,11,15,23,40,46,13
2015/02/13 1,9,15,25,29,35,38
2015/02/10 14,15,26,29,35,44,9
2015/02/06 5,11,29,36,42,46,48
2015/02/03 5,13,15,16,18,30,8
2015/01/30 3,14,24,35,39,44,28
2015/01/27 4,9,15,21,27,45,6
2015/01/20 9,24,28,35,45,47,48
2015/01/16 2,17,28,32,38,46,49
2015/01/13 2,14,16,22,37,46,49
2015/01/09 7,8,18,21,23,24,11
2015/01/06 11,16,29,30,37,43,13
2015/01/02 13,22,23,29,31,48,6
2014/12/30 7,30,32,44,48,49,45
2014/12/26 9,27,32,42,45,49,30
2014/12/23 3,27,30,31,32,39,35
2014/12/19 1,9,24,32,41,49,40
2014/12/16 17,28,32,34,35,45,8
2014/12/12 7,8,24,29,32,48,37
2014/12/09 7,9,23,33,41,43,24
2014/12/05 11,18,30,34,37,47,17
2014/12/02 9,11,13,23,26,42,47
2014/11/28 1,10,21,35,40,44,36
2014/11/25 1,15,16,32,44,48,40
2014/11/21 2,3,22,26,32,34,40
2014/11/18 11,12,20,26,28,43,6
2014/11/14 15,16,29,34,41,44,49
2014/11/11 5,11,18,23,36,43,14
2014/11/07 11,19,25,27,40,49,33
2014/10/31 2,8,10,14,27,49,20
2014/10/28 5,16,25,32,37,44,21
2014/10/24 1,17,20,36,37,45,15
2014/10/21 14,28,31,38,42,44,45
2014/10/17 2,11,20,32,33,36,39
2014/10/14 9,10,14,20,36,47,8
2014/10/10 1,11,19,24,26,28,33
2014/10/07 17,18,40,41,45,47,29
2014/10/03 10,14,19,24,35,37,39
2014/09/30 18,35,36,41,47,49,15
2014/09/26 8,15,19,22,29,37,39
2014/09/23 2,11,20,28,32,38,16
2014/09/19 2,6,17,29,32,39,4
2014/09/16 7,12,16,18,19,41,45
2014/09/12 2,23,27,31,36,49,15
2014/09/09 21,23,29,41,42,49,14
2014/09/05 10,16,25,27,32,36,45
2014/09/02 7,8,36,39,42,43,22
2014/08/29 9,10,21,23,38,39,35
2014/08/26 1,17,19,23,32,43,9
2014/08/22 8,16,23,30,31,43,18
2014/08/19 6,7,9,12,14,19,17
2014/08/12 4,6,10,12,34,45,44
2014/08/08 26,31,32,38,42,45,37
2014/08/05 4,11,26,33,40,42,34
2014/08/01 5,8,21,23,32,45,18
2014/07/29 31,32,34,36,44,47,46
2014/07/25 5,21,30,32,35,45,26
2014/07/22 3,9,13,17,28,42,14
2014/07/18 1,2,15,19,21,30,40
2014/07/15 7,18,23,32,34,48,13
2014/07/11 1,7,14,15,18,30,33
2014/07/08 10,22,25,33,39,47,38
2014/07/04 3,14,17,24,27,48,28
2014/07/01 6,7,8,9,21,48,18
2014/06/27 13,21,27,34,35,36,24
2014/06/24 1,8,12,14,40,41,15
2014/06/20 12,14,16,33,36,47,48
2014/06/17 3,6,18,20,25,48,12
2014/06/13 4,21,28,32,37,42,16
2014/06/10 3,11,28,32,33,35,30
2014/06/06 25,29,40,41,47,49,48
2014/06/03 16,31,32,33,35,44,46
2014/05/30 9,17,21,24,30,35,15
2014/05/23 11,17,22,27,30,46,15
2014/05/20 6,13,30,33,34,35,38
2014/05/16 14,31,38,41,42,45,29
2014/05/13 15,20,29,31,32,44,23
2014/05/09 1,11,13,21,27,37,3
2014/05/06 10,25,35,39,40,46,31
2014/05/02 1,7,23,25,37,40,12
2014/04/29 2,9,27,30,44,46,22
2014/04/25 4,24,34,35,38,46,30
2014/04/22 11,12,15,18,20,37,42
2014/04/18 8,9,15,40,44,48,24
2014/04/15 5,8,24,26,35,44,41
2014/04/11 1,3,4,9,12,17,15
2014/04/08 1,14,17,27,28,45,11
2014/04/04 8,24,35,37,41,47,23
2014/04/01 18,22,29,30,46,47,6
2014/03/28 9,18,23,35,36,47,41
2014/03/25 19,23,25,30,42,47,16
2014/03/21 8,18,26,31,46,47,20
2014/03/18 12,26,28,35,39,40,16
2014/03/14 2,8,27,40,41,47,28
2014/03/11 13,15,16,20,40,43,14
2014/03/04 8,26,35,37,40,43,6
2014/02/28 13,17,18,24,28,32,37
2014/02/25 3,5,9,12,13,46,4
2014/02/21 11,12,23,28,40,48,9
2014/02/18 6,19,20,26,32,47,35
2014/02/14 10,19,20,24,33,48,1
2014/02/11 6,15,21,22,31,44,41
2014/02/07 5,11,12,21,22,28,25
2014/02/04 8,12,19,32,42,46,28
2014/02/03 1,2,16,17,27,30,48
2014/02/02 3,13,14,19,24,45,5
2014/02/01 6,9,13,19,36,37,27
2014/01/31 17,23,27,38,48,49,19
2014/01/30 9,22,44,45,48,49,8
2014/01/28 1,2,5,7,26,30,24
2014/01/24 1,4,20,29,41,45,36
2014/01/21 12,15,22,38,43,44,9
2014/01/17 13,15,20,26,29,36,37
2014/01/14 2,11,21,41,45,49,26
2014/01/10 7,17,19,30,32,37,3
2014/01/07 1,7,21,25,35,36,39
2014/01/03 11,18,20,21,35,37,8
2013/12/27 2,12,16,31,39,43,18
2013/12/24 9,21,24,33,36,43,3
2013/12/20 8,9,14,17,25,45,27
2013/12/17 1,4,9,14,22,28,20
2013/12/13 10,16,26,28,41,48,42
2013/12/10 6,11,27,34,42,49,21
2013/12/06 4,6,8,10,15,36,13
2013/12/03 8,10,17,38,44,49,40
2013/11/29 2,8,13,19,30,31,20
2013/11/26 1,10,11,15,20,21,26
2013/11/22 8,9,11,24,40,47,33
2013/11/19 15,16,33,35,36,46,21
2013/11/15 2,4,18,31,36,43,8
2013/11/12 3,12,22,23,29,46,33
2013/11/08 1,3,28,30,33,39,34
2013/11/05 3,12,27,29,37,46,17
2013/11/01 6,16,26,31,36,46,9
2013/10/29 1,4,21,30,39,42,44
2013/10/25 3,8,10,11,35,36,39
2013/10/22 7,8,16,23,32,39,22
2013/10/18 9,11,17,39,40,43,46
2013/10/15 8,13,16,20,22,28,49
2013/10/08 4,6,7,11,26,31,38
2013/10/04 7,12,18,25,28,48,46
2013/10/01 1,4,14,17,23,46,41
2013/09/27 1,12,18,19,38,46,2
2013/09/24 7,9,15,23,34,35,41
2013/09/20 6,12,19,28,39,47,36
2013/09/17 1,8,17,19,40,46,15
2013/09/13 12,16,26,27,28,45,6
2013/09/10 1,10,14,34,42,47,9
2013/09/06 6,7,14,33,36,48,18
2013/09/03 11,13,22,29,39,48,45
2013/08/30 2,21,24,27,36,46,5
2013/08/27 5,8,11,14,15,36,46
2013/08/23 5,11,12,14,31,35,26
2013/08/20 5,7,16,28,31,49,34
2013/08/16 4,17,24,27,29,40,9
2013/08/13 12,14,16,34,37,48,7
2013/08/09 3,4,12,13,24,30,9
2013/08/06 1,4,17,27,32,48,6
2013/08/02 7,27,43,44,45,46,35
2013/07/30 6,15,16,22,43,45,48
2013/07/26 8,17,21,34,39,45,44
2013/07/19 3,5,9,15,30,49,48
2013/07/16 10,13,16,29,31,37,32
2013/07/12 15,24,29,34,47,48,31
2013/07/09 19,24,28,29,41,43,37
2013/07/05 11,14,28,39,40,45,42
2013/07/02 1,5,18,21,40,44,22
2013/06/28 22,26,31,42,44,49,29
2013/06/25 7,18,26,28,34,38,5
2013/06/21 10,29,35,39,41,44,7
2013/06/18 4,11,25,36,41,43,27
2013/06/14 4,16,22,32,35,47,43
2013/06/11 16,20,34,42,46,49,4
2013/06/07 3,14,29,33,39,48,22
2013/06/04 14,19,34,43,46,47,42
2013/05/31 3,6,10,33,39,44,37
2013/05/28 7,10,16,17,30,43,23
2013/05/24 10,27,28,31,37,41,34
2013/05/21 24,29,35,39,42,49,48
2013/05/17 5,10,16,22,23,24,31
2013/05/14 1,6,7,27,30,39,21
2013/05/10 2,17,25,32,39,43,34
2013/05/07 9,11,14,25,33,35,2
2013/04/30 10,30,32,37,46,47,16
2013/04/26 15,17,19,30,40,47,25
2013/04/23 12,15,29,31,36,45,40
2013/04/19 3,36,37,40,42,48,17
2013/04/16 6,18,40,43,45,48,24
2013/04/12 1,3,18,22,29,32,21
2013/04/09 7,16,35,45,47,48,39
2013/04/05 4,7,13,17,21,35,33
2013/04/02 11,15,20,23,26,35,31
2013/03/29 2,3,8,15,24,46,36
2013/03/26 1,9,20,28,39,42,47
2013/03/22 5,7,13,23,24,30,1
2013/03/19 1,12,25,37,39,40,18
2013/03/15 5,13,23,37,43,44,26
2013/03/12 16,20,35,46,47,49,31
2013/03/08 12,13,16,29,44,45,30
2013/03/05 5,24,30,35,36,38,11
2013/03/01 1,26,34,35,36,37,7
2013/02/26 8,15,21,30,36,39,17
2013/02/22 7,9,17,25,28,35,36
2013/02/19 7,23,24,28,32,40,8
2013/02/15 2,8,17,30,34,40,26
2013/02/11 6,16,40,45,46,48,31
2013/02/10 9,10,12,21,31,35,19
2013/02/09 5,11,17,22,30,34,10
2013/02/08 4,11,22,26,38,47,13
2013/02/05 8,15,19,25,30,38,6
2013/02/01 1,26,28,37,39,46,3
2013/01/29 3,7,31,32,34,43,41
2013/01/25 2,4,11,18,48,49,38
2013/01/22 2,14,23,25,31,47,48
2013/01/18 22,27,30,33,37,46,24
2013/01/15 2,8,32,34,44,46,14
2013/01/11 1,10,24,33,44,48,37
2013/01/08 5,6,14,19,27,33,31
2013/01/04 1,7,24,31,35,47,21
2013/01/01 3,4,22,32,33,49,21
2012/12/28 5,14,18,28,37,42,19
2012/12/31 12,18,25,32,41,47,7
2012/12/21 13,17,22,25,31,48,26
2012/12/18 5,7,10,15,19,44,49
2012/12/14 8,11,17,21,28,49,37
2012/12/11 5,12,14,22,38,44,25
2012/12/07 8,11,13,19,23,28,49
2012/11/30 5,18,26,31,37,43,8
2012/11/27 5,9,13,18,19,31,32
2012/11/23 2,3,4,14,18,46,25
2012/11/20 6,20,23,24,27,34,16
2012/11/16 17,18,32,33,41,42,12
2012/11/13 2,11,14,22,25,31,26
2012/11/09 9,25,31,37,38,45,21
2012/11/06 8,13,41,42,47,48,29
2012/11/02 4,18,24,36,37,38,31
2012/10/30 10,14,20,25,36,46,2
2012/10/26 1,17,20,28,32,41,13
2012/10/23 2,7,19,20,25,46,43
2012/10/19 13,25,27,39,45,49,11
2012/10/16 2,3,28,35,44,45,36
2012/10/12 5,11,12,30,43,48,15
2012/10/09 8,15,18,30,31,41,45
2012/10/05 9,17,18,33,44,47,8
2012/10/02 1,3,7,9,28,40,45
2012/09/28 4,6,22,41,42,47,18
2012/09/25 18,19,34,35,45,49,16
2012/09/21 22,29,30,36,37,42,9
2012/09/18 12,13,18,39,44,48,35
2012/09/11 3,4,21,30,31,48,15
2012/09/07 7,17,19,24,30,44,31
2012/09/04 10,21,32,36,40,48,9
2012/08/31 18,28,31,34,36,45,42
2012/08/28 1,3,6,30,38,41,46
2012/08/24 7,34,35,42,43,47,29
2012/08/21 6,29,40,44,46,47,33
2012/08/17 7,38,39,43,47,48,29
2012/08/14 2,19,27,31,38,49,32
2012/08/10 1,3,14,24,26,45,38
2012/08/07 12,23,28,29,43,47,26
2012/08/03 13,14,18,27,29,44,21
2012/07/31 1,24,28,33,43,44,31
2012/07/27 5,7,9,22,27,34,45
2012/07/24 5,11,21,24,37,39,13
2012/07/20 11,14,22,34,41,44,27
2012/07/17 17,19,22,25,30,37,31
2012/07/13 8,15,28,35,41,46,11
2012/07/10 3,16,26,28,31,41,45
2012/07/06 4,11,18,19,27,31,24
2012/07/03 11,18,21,34,41,49,47
2012/06/29 9,11,30,36,39,45,26
2012/06/22 6,24,28,36,38,44,8
2012/06/19 1,5,17,19,26,46,47
2012/06/15 9,15,23,38,47,49,36
2012/06/12 3,21,29,33,35,40,45
2012/06/08 1,9,24,45,46,49,12
2012/06/05 11,13,16,35,40,49,39
2012/06/01 4,18,31,34,39,44,49
2012/05/29 5,22,38,43,46,49,13
2012/05/25 1,17,22,26,33,40,11
2012/05/22 1,8,13,18,28,49,6
2012/05/18 13,23,25,31,39,46,41
2012/05/15 1,30,35,44,47,49,46
2012/05/11 10,22,29,30,33,37,27
2012/05/08 6,23,24,25,29,30,47
2012/05/04 4,11,17,23,31,39,14
2012/05/01 5,7,21,22,31,43,4
2012/04/27 13,22,24,35,40,45,37
2012/04/24 9,14,19,21,39,47,11
2012/04/20 2,3,25,44,45,48,31
2012/04/17 19,23,25,26,31,43,10
2012/04/13 1,4,9,20,25,35,43
2012/04/10 6,19,27,31,33,42,13
2012/04/03 8,22,23,39,44,47,36
2012/03/30 1,20,21,28,36,38,30
2012/03/27 16,18,23,27,28,29,19
2012/03/23 22,31,36,37,43,44,11
2012/03/20 4,5,7,13,26,46,24
2012/03/16 26,27,28,30,31,43,8
2012/03/13 6,24,46,47,48,49,40
2012/03/10 10,21,41,44,45,48,32
2012/03/06 2,5,17,20,25,48,14
2012/03/02 2,6,15,21,31,45,24
2012/02/28 2,30,32,36,43,47,49
2012/02/24 2,6,13,15,17,43,4
2012/02/21 2,21,32,39,42,46,19
2012/02/17 14,15,26,30,38,44,19
2012/02/14 2,11,19,21,33,45,40
2012/02/10 5,16,19,29,41,43,37
2012/02/07 7,22,27,33,39,41,13
2012/02/03 5,8,20,32,34,35,17
2012/01/31 1,11,14,15,19,33,42
2012/01/27 3,20,21,22,34,40,44
2012/01/24 8,21,29,38,44,45,20
2012/01/20 10,12,22,30,39,44,9
2012/01/13 22,36,42,43,46,48,21
2012/01/10 3,21,23,27,45,47,40
2012/01/06 10,14,23,35,41,46,19
2012/01/03 9,19,26,34,38,40,37
2011/12/30 12,13,15,28,30,37,3
2011/12/27 1,8,23,24,30,32,14
2011/12/23 6,17,27,31,40,48,28
2011/12/20 5,7,9,26,27,34,8
2011/12/16 10,31,35,36,41,44,34
2011/12/13 2,23,30,36,44,48,24
2011/12/09 10,37,38,39,40,45,18
2011/12/06 3,13,14,18,22,38,6
2011/12/02 23,27,31,37,39,45,6
2011/11/29 1,7,11,14,35,36,10
2011/11/25 8,10,27,30,36,43,48
2011/11/22 16,21,37,40,41,46,27
2011/11/18 10,11,12,15,16,45,19
2011/11/15 12,19,21,35,42,46,40
2011/11/11 4,19,20,29,32,36,30
2011/11/08 2,11,22,35,39,40,36
2011/11/04 2,7,8,14,21,38,11
2011/11/01 4,7,13,14,21,29,22
2011/10/25 2,5,24,28,33,44,4
2011/10/21 20,33,34,35,41,43,4
2011/10/18 4,8,19,32,44,46,21
2011/10/14 7,8,21,23,26,39,28
2011/10/11 2,6,18,33,34,43,28
2011/10/07 1,6,13,16,30,33,3
2011/10/04 2,8,15,26,29,49,3
2011/09/30 10,11,24,34,44,48,31
2011/09/27 3,9,23,26,31,42,41
2011/09/23 14,16,23,27,28,44,40
2011/09/20 2,25,27,28,34,37,42
2011/09/16 15,23,28,30,36,48,45
2011/09/13 2,8,11,38,41,48,18
2011/09/09 1,8,12,15,36,47,10
2011/09/06 2,9,23,29,38,41,8
2011/09/02 2,5,22,24,30,35,42
2011/08/30 10,12,26,36,37,48,34
2011/08/26 10,31,32,33,43,45,30
2011/08/23 5,23,29,32,36,42,14
2011/08/19 13,18,30,32,41,48,45
2011/08/16 26,30,37,38,42,43,32
2011/08/12 2,12,14,22,40,45,4
2011/08/05 3,20,24,25,28,49,30
2011/08/02 17,24,27,28,42,45,31
2011/07/29 6,19,28,37,38,46,42
2011/07/26 2,8,13,29,35,36,14
2011/07/22 4,5,6,8,22,38,42
2011/07/19 2,17,20,37,47,49,36
2011/07/15 17,23,27,30,43,49,31
2011/07/12 8,24,31,35,37,41,19
2011/07/08 16,18,35,37,43,47,7
2011/07/05 1,2,15,18,28,32,26
2011/07/01 9,23,25,31,44,49,2
2011/06/28 11,13,15,23,27,33,4
2011/06/24 11,19,21,27,38,39,24
2011/06/21 1,10,13,40,42,46,41
2011/06/17 1,2,19,31,47,48,36
2011/06/14 5,17,21,31,33,48,25
2011/06/10 6,10,19,29,37,41,9
2011/06/07 3,8,22,27,31,39,14
2011/06/03 8,12,13,15,35,46,30
2011/05/31 5,9,15,32,38,43,12
2011/05/27 5,10,24,32,43,48,4
2011/05/24 1,16,19,24,25,26,21
2011/05/17 1,3,11,15,26,48,28
2011/05/13 16,19,21,29,36,42,10
2011/05/10 5,12,25,35,38,42,28
2011/05/06 6,22,23,24,36,44,3
2011/05/03 10,15,18,24,28,43,35
2011/04/29 1,7,16,17,22,23,19
2011/04/26 20,37,39,40,41,45,8
2011/04/22 4,21,22,26,36,46,41
2011/04/19 22,35,37,41,46,47,24
2011/04/15 15,28,37,38,42,47,33
2011/04/12 4,6,14,24,29,33,45
2011/04/08 9,10,23,29,37,38,44
2011/04/05 8,10,20,24,28,29,32
2011/04/01 14,20,30,32,35,43,33
2011/03/29 4,10,12,18,22,40,24
2011/03/25 1,18,35,39,43,48,2
2011/03/22 6,8,20,24,36,47,27
2011/03/18 3,15,23,30,36,37,28
2011/03/15 4,19,28,29,30,41,10
2011/03/11 5,11,13,21,22,42,25
2011/03/08 1,6,24,25,32,47,38
2011/03/04 12,16,18,22,23,27,41
2011/02/25 2,3,20,28,36,44,21
2011/02/22 13,15,20,32,35,39,11
2011/02/18 14,20,23,26,37,38,33
2011/02/15 9,12,15,24,33,35,18
2011/02/11 3,4,7,34,36,45,24
2011/02/08 5,6,23,31,39,41,16
2011/02/04 10,33,41,42,47,49,3
2011/02/01 1,6,17,25,40,42,15
2011/01/28 3,4,13,18,24,42,47
2011/01/25 12,13,17,21,31,39,20
2011/01/21 2,32,36,37,39,43,3
2011/01/18 15,38,40,42,46,47,17
2011/01/14 16,17,20,32,39,45,46
2011/01/11 7,10,11,12,14,20,41
2011/01/07 11,13,34,35,47,49,20
2011/01/04 14,19,23,35,37,47,42
2010/12/31 4,9,27,36,38,39,2
2010/12/28 2,13,17,27,31,36,18
2010/12/24 16,27,39,43,48,49,1
2010/12/21 1,12,23,35,38,45,26
2010/12/17 9,25,28,30,35,41,12
2010/12/14 15,16,17,20,32,41,8
2010/12/07 21,22,30,37,38,49,34
2010/12/03 17,23,33,38,43,48,19
2010/11/30 7,8,24,34,36,38,16
2010/11/26 18,22,23,35,44,49,26
2010/11/23 2,3,26,30,32,48,41
2010/11/19 3,6,40,43,44,45,41
2010/11/16 2,7,10,12,15,43,22
2010/11/12 3,10,23,36,37,39,15
2010/11/09 5,7,21,30,31,36,49
2010/11/05 5,8,13,16,28,47,46
2010/11/02 4,5,21,34,36,39,28
2010/10/29 4,13,19,26,27,28,33
2010/10/26 3,14,22,35,43,44,26
2010/10/22 1,4,8,13,18,49,3
2010/10/19 12,21,27,35,36,37,8
2010/10/15 1,11,20,28,30,46,10
2010/10/12 8,9,10,20,31,40,25
2010/10/08 3,11,14,39,41,48,6
2010/10/05 14,16,21,32,35,43,49
2010/10/01 8,12,23,37,38,48,20
2010/09/28 3,4,19,22,32,40,11
2010/09/24 2,8,29,36,42,44,22
2010/09/17 12,13,24,34,35,39,14
2010/09/14 1,2,19,22,26,44,3
2010/09/10 10,14,18,41,42,49,24
2010/09/07 3,4,8,16,41,43,22
2010/09/03 5,7,18,20,38,47,37
2010/08/31 4,7,20,23,31,43,47
2010/08/27 8,14,27,30,42,47,29
2010/08/24 6,8,30,45,47,48,29
2010/08/20 8,21,28,33,38,44,27
2010/08/17 6,14,18,19,20,42,9
2010/08/13 2,13,22,30,36,48,9
2010/08/10 3,24,25,28,38,40,11
2010/08/06 10,19,21,22,28,47,39
2010/08/03 3,13,15,25,29,49,9
2010/07/30 8,11,12,14,23,36,45
2010/07/27 3,15,33,38,44,49,30
2010/07/23 8,15,22,42,43,49,7
2010/07/20 5,22,23,27,29,43,47
2010/07/16 16,17,18,20,32,45,9
2010/07/13 2,5,8,15,31,34,12
2010/07/09 11,24,25,32,33,35,23
2010/07/06 5,11,21,25,43,48,31
2010/06/29 1,4,11,18,20,48,5
2010/06/25 11,24,27,39,46,47,20
2010/06/22 9,15,26,28,36,42,40
2010/06/18 2,5,15,20,26,48,8
2010/06/15 2,4,17,20,27,44,24
2010/06/11 1,20,21,27,42,43,26
2010/06/08 8,24,25,40,42,46,10
2010/06/04 11,15,27,28,37,39,4
2010/06/01 2,5,15,28,35,40,1
2010/05/28 3,18,19,20,26,43,10
2010/05/25 1,20,30,32,34,43,3
2010/05/21 4,12,16,27,44,47,39
2010/05/18 3,6,14,27,28,33,5
2010/05/14 3,6,16,21,28,47,18
2010/05/11 11,13,29,33,42,45,2
2010/05/07 19,23,28,32,38,49,20
2010/05/04 4,15,23,32,34,35,18
2010/04/30 8,35,36,37,39,44,20
2010/04/27 12,14,16,34,35,48,43
2010/04/23 3,4,30,45,47,49,27
2010/04/20 2,7,21,23,32,41,42
2010/04/16 1,24,30,31,34,40,43
2010/04/09 4,5,29,36,40,49,26
2010/04/06 9,23,27,28,31,41,44
2010/04/02 1,6,16,21,41,48,12
2010/03/30 16,37,41,46,47,49,14
2010/03/26 9,17,19,23,35,36,34
2010/03/23 11,22,28,35,37,48,49
2010/03/19 5,8,18,22,29,49,47
2010/03/16 26,36,37,39,41,46,4
2010/03/12 18,19,23,31,35,38,22
2010/03/09 5,7,12,14,16,36,4
2010/03/05 3,15,21,22,35,38,4
2010/03/02 2,3,9,33,34,38,45
2010/02/26 5,6,22,32,34,47,1
2010/02/23 5,19,23,40,45,48,6
2010/02/19 12,14,27,30,37,43,36
2010/02/16 5,26,29,36,43,49,12
2010/02/12 1,14,23,31,32,40,35
2010/02/09 9,13,32,34,35,45,38
2010/02/05 1,5,14,19,33,36,16
2010/02/02 9,15,18,21,27,41,46
2010/01/29 16,18,29,34,44,49,8
2010/01/26 25,26,28,33,39,40,10
2010/01/19 13,24,25,32,35,45,5
2010/01/15 4,7,26,41,47,49,3
2010/01/12 1,23,34,36,46,48,18
2010/01/08 1,8,19,21,43,45,30
2010/01/05 11,18,24,32,38,40,47
2010/01/01 2,16,20,22,23,27,46
2009/12/29 12,21,25,29,42,48,6
2009/12/25 9,12,22,30,42,47,27
2009/12/22 10,11,14,24,27,47,32
2009/12/18 3,16,32,42,43,45,6
2009/12/15 4,35,38,43,44,48,37
2009/12/11 12,15,20,29,36,48,31
2009/12/08 4,16,19,27,32,39,21
2009/12/04 2,3,13,19,22,39,21
2009/12/01 11,23,27,29,38,49,40
2009/11/27 1,5,6,15,19,26,14
2009/11/24 2,7,13,23,27,40,4
2009/11/20 5,13,15,20,26,31,35
2009/11/17 1,4,8,10,34,49,46
2009/11/13 13,25,32,33,38,47,26
2009/11/10 2,7,22,25,26,42,44
2009/11/06 1,2,10,44,45,46,22
2009/10/30 4,8,12,20,37,39,30
2009/10/27 2,12,28,32,42,46,23
2009/10/23 5,6,18,19,21,34,10
2009/10/20 1,11,12,14,41,46,45
2009/10/16 13,15,20,29,30,43,1
2009/10/13 5,13,28,40,44,49,43
2009/10/09 10,14,17,33,40,41,12
2009/10/06 9,14,15,22,26,33,16
2009/10/02 9,15,25,28,30,35,22
2009/09/29 17,27,32,37,45,47,25
2009/09/25 1,9,13,16,33,37,4
2009/09/22 3,4,8,12,21,42,48
2009/09/18 2,4,8,9,26,38,23
2009/09/15 2,4,26,36,43,48,30
2009/09/11 10,16,18,31,33,48,7
2009/09/08 8,11,12,15,19,20,34
2009/09/04 5,28,31,36,40,49,20
2009/09/01 7,8,12,19,26,36,9
2009/08/28 12,23,39,44,45,48,47
2009/08/25 1,7,9,15,21,38,31
2009/08/21 11,13,32,37,42,43,20
2009/08/18 11,12,18,31,46,47,27
2009/08/11 3,24,27,28,30,46,42
2009/08/07 1,2,15,26,31,49,43
2009/08/04 2,21,23,27,44,48,30
2009/07/31 4,7,9,10,24,42,41
2009/07/28 2,10,13,15,25,49,4
2009/07/24 1,3,7,22,40,47,15
2009/07/21 5,17,27,28,39,48,44
2009/07/17 9,11,13,16,38,42,6
2009/07/14 4,5,15,37,41,44,8
2009/07/10 3,8,21,26,30,46,11
2009/07/07 2,25,31,37,39,47,35
2009/07/03 17,19,32,40,41,47,37
2009/06/30 4,7,9,21,26,34,28
2009/06/26 6,12,33,38,43,45,49
2009/06/23 6,21,22,29,43,49,48
2009/06/19 2,12,19,23,40,42,9
2009/06/16 3,5,8,10,25,30,15
2009/06/12 12,13,32,41,43,44,21
2009/06/09 26,27,35,36,44,49,42
2009/06/05 6,23,27,42,44,49,15
2009/06/02 11,12,20,28,34,46,41
2009/05/29 21,29,30,34,36,45,49
2009/05/22 1,2,16,18,32,40,15
2009/05/19 11,31,32,38,46,48,42
2009/05/15 5,7,14,15,18,45,11
2009/05/12 1,3,20,26,39,44,30
2009/05/08 3,15,19,22,24,31,5
2009/05/05 12,15,37,42,45,47,29
2009/05/01 3,5,21,26,38,43,32
2009/04/28 5,18,29,30,39,43,26
2009/04/24 13,20,21,24,42,49,43
2009/04/21 11,16,23,27,36,39,35
2009/04/17 16,18,21,22,24,38,34
2009/04/14 2,8,20,23,45,48,43
2009/04/10 8,9,25,36,40,44,17
2009/04/07 3,12,24,31,43,46,42
2009/04/03 6,33,36,42,44,45,48
2009/03/31 13,16,23,25,31,47,36
2009/03/27 1,2,18,28,34,40,25
2009/03/24 2,7,18,21,25,29,32
2009/03/20 2,7,9,11,18,31,5
2009/03/17 1,5,18,23,29,35,27
2009/03/13 9,24,32,45,46,47,33
2009/03/10 9,13,26,28,36,38,46
2009/03/03 7,14,26,28,34,45,9
2009/02/27 13,17,19,26,34,36,2
2009/02/24 4,11,23,25,38,46,17
2009/02/20 1,13,24,34,40,49,37
2009/02/17 5,16,21,22,36,43,28
2009/02/13 2,3,7,24,42,45,10
2009/02/10 9,12,18,30,46,48,42
2009/02/06 4,7,10,21,27,32,37
2009/02/03 3,10,14,23,42,43,34
2009/01/30 2,5,10,23,39,41,48
2009/01/27 13,14,27,32,35,38,48
2009/01/23 10,11,21,28,38,40,29
2009/01/20 7,21,22,23,40,43,34
2009/01/16 8,24,25,26,33,40,13
2009/01/13 4,11,18,33,47,48,30
2009/01/09 4,15,27,30,37,45,19
2009/01/06 4,15,20,21,29,33,16
2009/01/02 2,6,23,26,35,38,11
2008/12/30 3,9,25,26,36,39,35
2008/12/26 8,15,18,33,37,40,32
2008/12/23 2,7,23,25,39,45,22
2008/12/19 3,10,15,30,38,45,41
2008/12/12 2,28,34,36,39,42,24
2008/12/08 1,5,6,16,26,41,48
2008/12/05 2,3,8,31,40,44,45
2008/12/02 7,21,29,30,37,49,36
2008/11/28 1,5,7,16,17,41,20
2008/11/25 4,15,26,39,46,49,11
2008/11/21 16,17,21,28,30,37,9
2008/11/18 14,17,20,29,34,39,7
2008/11/14 7,15,23,35,36,43,8
2008/11/11 11,13,33,34,39,45,15
2008/11/07 15,25,30,33,40,46,18
2008/11/04 11,13,19,20,32,40,9
2008/10/31 1,3,9,11,19,47,40
2008/10/28 2,7,12,14,36,41,35
2008/10/24 5,6,8,9,14,49,3
2008/10/21 2,4,7,8,18,30,33
2008/10/17 5,11,15,19,28,36,46
2008/10/14 8,28,30,43,44,46,12
2008/10/10 13,14,20,24,41,47,6
2008/10/07 1,20,28,29,33,34,40
2008/10/03 18,19,37,41,45,48,9
2008/09/30 1,7,9,13,22,27,34
2008/09/23 2,9,20,22,29,35,38
2008/09/19 2,13,23,28,35,48,18
2008/09/16 2,25,31,32,44,46,7
2008/09/12 1,9,16,18,34,37,12
2008/09/09 10,23,27,28,35,46,2
2008/09/05 2,3,14,22,32,33,24
2008/09/02 2,3,10,21,25,34,47
2008/08/29 2,24,25,26,28,46,49
2008/08/26 2,4,6,18,23,24,32
2008/08/22 4,5,8,26,31,37,10
2008/08/19 2,16,25,35,39,43,26
2008/08/14 8,14,23,24,43,44,4
2008/08/12 16,22,24,33,43,49,45
2008/08/08 8,16,20,33,35,49,24
2008/08/05 5,10,29,41,44,45,6
2008/08/01 7,11,18,22,37,38,30
2008/07/29 16,39,41,42,43,45,14
2008/07/25 7,19,25,29,35,43,1
2008/07/22 1,17,25,29,30,33,47
2008/07/18 4,6,9,15,20,38,27
2008/07/15 6,16,21,36,37,45,40
2008/07/11 7,21,22,23,34,36,11
2008/07/04 6,10,17,21,43,49,33
2008/07/01 15,20,24,35,43,48,9
2008/06/27 1,2,9,10,38,41,31
2008/06/24 2,7,8,20,33,43,4
2008/06/20 3,20,21,24,28,39,23
2008/06/17 1,7,15,32,40,41,9
2008/06/13 7,8,20,21,31,39,6
2008/06/10 14,19,20,22,34,39,37
2008/06/06 1,20,22,31,40,42,38
2008/06/03 1,20,24,27,29,31,4
2008/05/30 8,11,12,20,32,42,30
2008/05/27 4,7,15,24,41,49,30
2008/05/23 2,10,11,29,37,44,13
2008/05/20 8,14,17,42,45,47,39
2008/05/16 3,7,21,22,26,40,41
2008/05/13 11,31,37,38,41,47,18
2008/05/09 15,17,23,36,43,48,21
2008/05/06 9,10,15,23,46,48,38
2008/05/02 11,13,14,33,39,45,41
2008/04/29 2,3,11,32,35,42,18
2008/04/25 4,15,20,45,47,48,34
2008/04/22 10,15,31,36,44,49,7
2008/04/15 13,20,32,33,43,47,28
2008/04/11 5,6,23,25,28,42,43
2008/04/08 11,23,29,32,37,39,31
2008/04/04 13,23,28,30,38,44,26
2008/04/01 8,16,24,25,32,33,12
2008/03/28 1,8,9,12,19,26,49
2008/03/25 2,3,5,13,33,49,10
2008/03/21 11,14,27,32,34,49,28
2008/03/18 1,9,27,33,38,49,31
2008/03/14 3,21,30,34,44,49,13
2008/03/11 7,8,21,30,36,44,4
2008/03/07 12,25,28,40,41,42,29
2008/03/04 1,15,22,25,38,47,16
2008/02/29 1,7,9,10,18,27,43
2008/02/26 6,16,33,37,40,47,28
2008/02/22 1,3,7,12,30,43,22
2008/02/19 16,22,26,31,39,43,9
2008/02/15 1,22,31,41,42,46,36
2008/02/12 5,12,19,22,25,27,29
2008/02/08 1,3,6,7,15,27,39
2008/02/05 17,29,30,33,35,42,10
2008/02/01 1,2,6,18,20,38,29
2008/01/25 1,4,15,20,24,40,32
2008/01/22 9,13,14,26,30,37,5
2008/01/18 6,8,18,25,26,36,13
2008/01/15 5,8,10,31,32,41,11
2008/01/11 3,7,8,27,37,49,48
2008/01/08 3,7,12,17,28,44,36
2008/01/04 5,13,29,31,39,40,33
2008/01/01 13,18,27,43,47,48,21
2007/12/28 10,12,16,18,22,29,30
2007/12/25 5,6,9,18,31,37,32
2007/12/21 15,19,20,22,28,44,42
2007/12/18 4,7,13,19,23,49,17
2007/12/14 1,17,26,27,34,39,13
2007/12/11 10,15,16,20,27,43,19
2007/12/07 8,10,17,28,32,34,42
2007/12/04 1,16,31,38,43,44,42
2007/11/30 8,15,16,19,30,45,44
2007/11/27 8,12,16,34,36,47,33
2007/11/23 1,22,23,43,46,49,33
2007/11/20 1,16,17,20,22,42,29
2007/11/16 16,20,22,39,42,46,38
2007/11/13 3,5,16,17,32,37,24
2007/11/06 1,10,27,40,43,44,2
2007/11/02 4,10,28,44,45,48,39
2007/10/30 1,4,9,17,19,41,7
2007/10/26 3,11,13,16,21,36,26
2007/10/23 10,25,29,34,47,49,17
2007/10/19 15,17,22,28,36,46,24
2007/10/16 5,7,11,18,38,40,31
2007/10/12 9,20,23,26,28,37,44
2007/10/09 9,36,38,40,46,47,13
2007/10/05 3,10,19,26,29,48,18
2007/10/02 3,4,8,9,24,49,23
2007/09/28 8,9,16,17,19,30,45
2007/09/25 8,10,12,28,38,42,33
2007/09/21 1,16,24,31,35,39,21
2007/09/18 20,25,29,31,37,46,49
2007/09/14 2,15,22,27,45,48,32
2007/09/11 3,14,18,22,28,36,47
2007/09/07 3,5,22,32,42,49,28
2007/09/04 9,17,18,21,42,48,7
2007/08/31 23,31,35,40,41,44,21
2007/08/28 2,11,22,29,34,39,45
2007/08/24 4,6,7,12,25,47,9
2007/08/17 2,12,31,35,43,47,40
2007/08/14 2,5,12,25,26,38,6
2007/08/10 11,22,27,29,35,40,48
2007/08/07 1,5,18,25,35,41,14
2007/08/03 2,12,15,27,38,40,35
2007/07/31 1,6,7,25,39,41,5
2007/07/27 13,21,32,39,42,46,36
2007/07/24 1,7,12,22,29,31,4
2007/07/20 2,5,10,19,23,25,11
2007/07/17 15,29,37,39,48,49,46
2007/07/13 5,10,13,18,34,35,15
2007/07/10 2,29,34,40,44,45,1
2007/07/06 9,12,23,36,44,48,26
2007/07/03 1,5,9,21,24,49,35
2007/06/29 9,23,26,28,29,44,31
2007/06/26 18,24,37,38,43,47,2
2007/06/22 13,32,35,39,41,42,1
2007/06/19 20,28,33,41,43,45,10
2007/06/15 11,17,28,34,36,46,26
2007/06/12 3,5,20,38,39,44,43
2007/06/08 1,2,11,26,28,46,16
2007/06/05 1,16,23,25,36,47,21
2007/05/29 10,15,18,43,45,48,11
2007/05/25 2,11,13,25,34,36,38
2007/05/22 1,18,30,32,41,48,24
2007/05/18 11,12,27,41,43,46,36
2007/05/15 13,31,35,40,47,48,39
2007/05/11 10,13,21,26,29,47,49
2007/05/08 1,16,27,28,41,46,38
2007/05/04 6,22,34,38,40,44,15
2007/05/01 21,24,28,34,45,49,46
2007/04/27 9,10,29,32,38,42,37
2007/04/24 8,20,22,25,38,40,41
2007/04/20 9,15,16,19,44,49,37
2007/04/17 8,31,40,44,45,48,6
2007/04/13 5,15,23,28,31,33,49
2007/04/10 2,4,6,20,42,47,39
2007/04/06 10,18,22,34,35,37,41
2007/04/03 4,10,39,43,45,49,33
2007/03/30 14,31,33,40,45,46,49
2007/03/27 4,11,21,39,42,43,10
2007/03/23 5,6,17,19,20,32,18
2007/03/20 14,15,25,37,47,49,13
2007/03/16 28,35,36,38,43,49,47
2007/03/09 12,14,20,21,23,31,45
2007/03/06 2,15,16,31,33,46,40
2007/03/02 12,15,24,32,39,49,6
2007/02/27 6,22,36,39,48,49,28
2007/02/23 5,13,25,30,39,48,36
2007/02/20 1,13,19,33,38,45,36
2007/02/16 18,19,27,34,44,48,37
2007/02/13 2,8,25,39,43,46,13
2007/02/09 7,28,30,41,45,48,44
2007/02/06 12,16,26,32,41,48,1
2007/02/02 7,8,10,12,47,48,38
2007/01/30 6,18,26,39,42,45,14
2007/01/26 8,13,18,26,34,36,17
2007/01/23 6,7,15,31,36,44,29
2007/01/19 6,26,27,44,45,46,2
2007/01/16 13,28,33,38,43,48,4
2007/01/12 10,16,26,28,31,33,44
2007/01/09 26,28,35,39,44,45,18
2007/01/05 12,19,23,42,44,48,33
2007/01/02 13,21,23,27,31,49,19
2006/12/28 1,4,7,8,25,31,33
2006/12/26 6,13,24,31,32,49,3
2006/12/19 12,19,30,32,34,36,37
2006/12/14 2,4,8,27,33,48,14
2006/12/12 16,18,37,38,45,46,10
2006/12/07 5,27,28,30,35,42,37
2006/12/05 14,26,28,35,41,45,33
2006/11/30 3,6,7,14,16,43,17
2006/11/28 14,19,31,37,42,45,11
2006/11/23 1,23,34,37,43,45,9
2006/11/21 6,7,11,19,47,48,17
2006/11/16 2,17,28,29,38,49,16
2006/11/14 5,17,29,34,38,47,26
2006/11/09 12,14,20,22,37,40,23
2006/11/07 5,18,20,33,38,40,34
2006/11/02 6,30,34,45,46,48,29
2006/10/31 6,8,29,39,46,49,23
2006/10/26 5,7,11,19,36,42,23
2006/10/24 1,4,5,15,18,42,6
2006/10/19 9,10,12,25,33,38,5
2006/10/17 8,13,16,41,43,46,31
2006/10/12 9,17,23,26,30,41,19
2006/10/10 1,17,21,35,36,46,19
2006/10/05 7,15,20,32,36,44,3
2006/09/28 8,19,30,33,37,43,22
2006/09/26 2,6,8,25,30,45,38
2006/09/21 6,13,20,21,33,40,26
2006/09/19 1,9,21,39,40,41,46
2006/09/14 1,10,37,39,43,44,35
2006/09/12 2,8,11,14,15,21,31
2006/09/07 11,12,15,28,43,48,37
2006/09/05 2,5,27,30,33,48,19
2006/08/31 5,6,25,33,38,49,47
2006/08/29 17,24,34,38,42,49,30
2006/08/24 10,11,14,17,24,45,19
2006/08/22 16,20,24,30,38,40,6
2006/08/17 18,23,25,28,35,36,16
2006/08/15 6,10,19,27,32,41,43
2006/08/10 3,9,16,40,43,48,42
2006/08/08 4,8,12,20,22,39,48
2006/08/03 3,20,21,42,44,46,25
2006/08/01 12,28,29,35,37,42,8
2006/07/27 4,36,37,42,45,46,1
2006/07/25 14,16,25,27,42,49,44
2006/07/20 7,30,37,41,43,49,10
2006/07/18 11,20,31,34,36,38,15
2006/07/11 1,6,9,16,42,44,3
2006/07/06 14,23,24,41,44,47,10
2006/07/04 8,9,14,19,20,33,29
2006/06/29 11,15,17,21,23,31,9
2006/06/27 1,20,29,30,35,39,43
2006/06/22 1,18,31,39,41,47,44
2006/06/20 3,8,14,18,19,43,29
2006/06/15 1,25,35,37,44,46,43
2006/06/13 8,11,12,32,38,45,24
2006/06/08 3,4,15,23,26,47,12
2006/06/06 4,12,15,37,41,42,19
2006/06/01 4,11,34,35,45,48,24
2006/05/30 2,9,15,16,22,49,7
2006/05/25 1,15,20,37,47,48,38
2006/05/23 11,20,31,38,42,46,37
2006/05/18 1,23,28,46,47,49,6
2006/05/16 8,20,35,36,45,46,44
2006/05/11 2,12,19,26,34,46,38
2006/05/09 5,8,18,26,38,42,2
2006/05/04 2,3,19,26,27,41,7
2006/05/02 3,16,24,25,40,43,48
2006/04/27 9,12,30,33,42,49,4
2006/04/20 9,13,15,27,34,42,2
2006/04/18 4,6,14,16,20,41,2
2006/04/13 1,23,25,37,39,45,21
2006/04/11 8,10,16,22,37,38,14
2006/04/06 5,23,36,38,40,42,1
2006/04/04 6,10,11,32,34,39,7
2006/03/30 12,17,26,31,35,48,40
2006/03/28 5,8,9,15,29,45,18
2006/03/23 7,23,28,29,38,46,14
2006/03/20 12,28,30,40,47,49,3
2006/03/16 3,9,18,42,45,46,5
2006/03/13 4,21,25,35,39,42,45
2006/03/09 6,13,15,17,18,22,3
2006/03/06 5,7,9,15,31,34,38
2006/03/02 5,8,24,31,32,39,4
2006/02/27 9,17,18,27,36,42,10
2006/02/23 7,12,16,17,19,33,39
2006/02/20 2,14,18,21,37,43,13
2006/02/16 5,6,18,23,26,29,16
2006/02/13 3,15,21,23,36,49,10
2006/02/09 12,21,34,37,38,39,27
2006/02/06 11,15,18,25,29,49,5
2006/01/30 4,5,13,26,32,42,46
2006/01/26 10,29,30,32,43,47,35
2006/01/23 1,11,16,21,23,40,10
2006/01/19 3,11,18,20,21,26,24
2006/01/16 4,12,15,19,26,31,41
2006/01/12 7,11,22,24,28,30,35
2006/01/09 8,20,22,39,45,46,31
2006/01/05 18,23,26,38,39,48,45
2006/01/02 6,15,22,25,35,41,32
2005/12/29 6,7,10,13,31,39,18
2005/12/26 1,2,7,8,27,45,19
2005/12/22 12,22,24,26,27,47,40
2005/12/19 3,20,21,22,26,27,25
2005/12/15 7,16,32,39,45,49,30
2005/12/12 26,28,29,30,36,37,18
2005/12/08 13,18,26,28,35,48,42
2005/12/05 25,31,34,40,41,47,15
2005/12/01 7,30,38,39,40,43,13
2005/11/28 2,14,23,25,26,40,6
2005/11/24 9,11,30,41,47,49,4
2005/11/21 7,13,23,33,34,42,30
2005/11/17 2,3,4,17,27,39,15
2005/11/10 4,7,19,30,36,46,48
2005/11/07 16,17,23,32,42,48,2
2005/11/03 6,8,17,19,30,47,23
2005/10/31 5,10,22,26,31,48,41
2005/10/27 6,8,23,26,28,36,37
2005/10/24 7,8,17,22,27,44,28
2005/10/20 11,13,14,21,42,47,22
2005/10/17 27,30,35,39,43,47,25
2005/10/13 3,11,26,43,46,48,5
2005/10/10 6,11,23,29,45,49,26
2005/10/06 2,8,24,28,31,48,15
2005/10/03 3,15,16,25,40,48,18
2005/09/29 1,8,19,23,38,40,5
2005/09/26 4,18,26,37,41,44,6
2005/09/22 2,11,35,37,48,49,5
2005/09/19 3,26,29,38,43,45,28
2005/09/15 4,15,23,41,44,45,46
2005/09/12 4,24,28,30,35,39,19
2005/09/08 3,10,11,36,37,45,29
2005/09/05 5,8,22,26,27,44,10
2005/09/01 6,12,20,43,47,48,41
2005/08/29 9,10,36,40,42,43,41
2005/08/22 17,18,23,24,25,28,41
2005/08/18 3,8,11,36,38,49,19
2005/08/15 13,15,33,37,38,41,47
2005/08/11 9,20,22,31,45,46,3
2005/08/08 24,28,37,38,43,45,18
2005/08/04 9,20,26,29,40,41,21
2005/08/01 2,13,16,36,44,47,21
2005/07/28 9,14,24,27,37,41,12
2005/07/25 5,12,25,27,41,44,18
2005/07/21 11,22,26,28,33,37,42
2005/07/18 7,11,13,25,30,40,6
2005/07/14 3,22,31,43,46,47,14
2005/07/11 1,11,14,18,35,43,25
2005/07/07 6,12,21,27,36,48,18
2005/07/04 2,15,17,31,32,38,11
2005/06/30 2,4,5,9,35,45,48
2005/06/27 10,17,22,37,43,49,8
2005/06/23 4,10,18,34,40,43,3
2005/06/20 4,20,22,28,47,48,43
2005/06/16 8,12,16,25,28,45,49
2005/06/13 9,14,25,31,36,46,40
2005/06/09 4,6,13,22,30,44,5
2005/06/02 4,15,21,30,41,46,48
2005/05/30 4,8,11,15,16,25,43
2005/05/26 3,9,16,18,41,48,22
2005/05/23 2,8,9,10,21,31,44
2005/05/19 2,4,14,24,27,46,28
2005/05/16 1,6,11,37,41,44,4
2005/05/12 15,28,29,31,32,47,18
2005/05/09 1,2,7,9,16,29,15
2005/05/05 5,14,18,34,44,47,10
2005/05/02 1,3,29,35,43,47,40
2005/04/28 4,5,15,20,29,39,34
2005/04/25 1,16,25,34,36,38,41
2005/04/21 4,5,22,33,36,43,26
2005/04/18 11,20,40,41,45,49,36
2005/04/14 18,20,25,36,48,49,21
2005/04/11 2,6,9,24,27,45,49
2005/04/07 5,15,23,29,31,44,17
2005/04/04 5,15,28,29,33,40,26
2005/03/31 20,22,28,38,41,47,25
2005/03/28 1,2,9,25,28,44,42
2005/03/24 7,10,23,44,45,47,38
2005/03/21 2,5,6,19,38,45,1
2005/03/14 5,12,19,21,33,42,9
2005/03/10 1,3,16,31,42,48,23
2005/03/07 1,6,16,34,36,40,38
2005/03/03 25,28,31,32,34,36,43
2005/02/28 14,21,25,27,43,47,5
2005/02/24 2,4,36,41,42,48,34
2005/02/21 6,11,21,22,35,41,27
2005/02/17 12,14,21,23,25,30,3
2005/02/14 5,7,24,26,30,47,36
2005/02/10 19,26,28,33,38,46,48
2005/02/07 11,31,41,44,47,49,25
2005/02/03 7,8,19,30,43,48,49
2005/01/31 2,17,31,35,37,46,3
2005/01/27 3,25,39,44,45,48,13
2005/01/24 14,17,30,31,36,47,28
2005/01/20 1,23,26,27,33,41,18
2005/01/17 7,14,16,38,45,49,25
2005/01/13 1,2,15,21,31,35,33
2005/01/10 1,3,14,17,36,49,10
2005/01/06 6,23,39,45,46,47,18
2005/01/03 5,10,27,37,39,46,8
2004/12/30 3,18,33,34,43,45,2
2004/12/23 3,5,18,23,40,45,41
2004/12/20 3,4,13,26,39,42,18
2004/12/16 2,12,18,22,34,36,8
2004/12/13 5,15,24,37,38,39,6
2004/12/09 16,28,35,44,46,48,26
2004/12/06 2,8,11,12,26,35,47
2004/12/02 5,16,23,28,38,47,49
2004/11/29 4,12,23,30,35,48,46
2004/11/25 3,4,9,10,27,31,26
2004/11/22 2,14,27,28,44,49,30
2004/11/18 7,11,20,38,39,45,30
2004/11/15 8,11,14,17,23,33,30
2004/11/11 9,12,17,28,40,43,13
2004/11/08 12,24,25,27,34,36,39
2004/11/04 23,26,31,33,36,38,21
2004/11/01 1,10,25,28,38,49,23
2004/10/28 10,12,13,24,31,40,47
2004/10/25 6,13,30,34,38,44,48
2004/10/21 3,10,20,21,24,48,26
2004/10/18 10,21,23,25,38,42,33
2004/10/14 4,23,36,39,45,47,25
2004/10/11 1,7,10,32,42,45,26
2004/10/04 12,15,21,23,25,35,24
2004/09/30 7,13,15,20,22,47,19
2004/09/27 26,27,40,41,42,43,28
2004/09/23 1,15,16,33,35,48,10
2004/09/20 5,6,8,9,10,43,13
2004/09/16 7,19,26,37,38,46,29
2004/09/13 8,10,11,21,23,44,42
2004/09/09 7,13,14,20,21,49,34
2004/09/06 12,25,26,31,36,42,29
2004/09/02 9,16,18,32,41,47,46
2004/08/30 4,22,28,29,44,47,32
2004/08/26 14,31,34,37,42,48,29
2004/08/23 13,29,31,38,45,46,43
2004/08/19 10,22,31,32,41,48,24
2004/08/16 5,6,11,16,19,42,10
2004/08/12 11,16,27,33,34,40,7
2004/08/09 5,17,19,26,28,43,25
2004/08/05 13,14,21,24,27,30,20
2004/08/02 3,11,19,21,40,42,14
2004/07/29 20,31,33,40,42,46,30
2004/07/26 1,15,28,38,41,42,24
2004/07/22 11,15,24,27,37,46,1
2004/07/15 2,5,32,38,42,49,44
2004/07/12 3,4,8,25,36,42,32
2004/07/08 4,5,7,13,24,30,49
2004/07/05 7,19,27,31,42,46,39
2004/07/01 6,10,11,16,29,44,37
2004/06/28 12,17,19,22,27,42,48
2004/06/24 11,17,29,36,44,49,33
2004/06/21 6,9,11,17,22,36,44
2004/06/17 5,11,30,34,44,48,40
2004/06/14 5,12,41,43,45,46,33
2004/06/10 2,10,16,22,30,33,41
2004/06/07 6,15,25,37,41,49,3
2004/06/03 1,4,31,32,34,35,33
2004/05/31 1,17,30,31,32,45,33
2004/05/27 6,22,27,34,42,44,36
2004/05/24 1,16,17,30,36,49,44
2004/05/20 6,28,30,34,43,46,9
2004/05/17 2,4,18,20,32,49,30
2004/05/13 4,10,11,14,32,36,9
2004/05/10 3,4,10,23,25,26,33
2004/05/06 6,27,40,44,45,47,11
2004/05/03 3,9,13,28,40,48,39
2004/04/26 22,25,29,31,34,46,49
2004/04/22 3,11,19,20,22,28,13
2004/04/19 13,17,19,26,39,45,11
2004/04/15 13,14,20,30,37,45,1
2004/04/12 24,25,26,30,36,48,45
2004/04/08 5,14,26,38,41,43,4
2004/04/05 16,24,25,26,39,44,30
2004/04/01 3,7,42,45,46,49,8
2004/03/29 11,13,15,21,35,38,37
2004/03/25 11,17,21,36,43,49,5
2004/03/22 2,12,14,30,41,46,29
2004/03/18 6,16,20,25,33,46,12
2004/03/15 1,2,7,26,38,43,4
2004/03/11 8,14,21,22,30,31,48
2004/03/08 8,12,17,18,19,34,37
2004/03/04 12,15,22,23,41,48,17
2004/03/01 1,11,17,25,41,45,32
2004/02/26 8,12,23,24,45,46,36
2004/02/23 3,6,17,23,28,32,45
2004/02/19 4,21,25,32,37,43,2
2004/02/16 7,13,18,19,25,37,14
2004/02/12 1,2,26,31,39,40,38
2004/02/05 17,22,26,29,37,43,31
2004/02/02 4,6,11,22,42,48,23
2004/01/29 22,29,34,36,44,46,37
2004/01/26 2,6,13,34,40,44,14
2004/01/22 13,28,29,32,33,34,43
2004/01/19 14,15,20,29,32,39,43
2004/01/15 18,19,28,29,30,34,12
2004/01/12 2,4,25,26,34,43,41
2004/01/08 16,21,27,30,31,47,35
2004/01/05 6,9,12,13,33,39,21
